text,category,split
"수강료 83,760원 (12회) / 교재비 24,0원",비용,train
부득이한 경우에 한해서만 2022.1.10.(월) 9~12시 실과실로 반납,일정,train
휴대폰 본인인증 인증 번호 입력,기타,train
독서교육 주간은 9월 22일(월)부터 26일(금)까지 운영됩니다.,일정,train
"수강료, 교재비, 재료비 스쿨뱅킹 신용카드 납부",비용,train
일본뇌염 필수예방접종 사백신 4차 또는 생백신 2차 완료,건강·안전,train
식품 알레르기 학생은 급식실 직원에게 사전 안내해 주세요.,건강·안전,train
"카드뉴스 수상작: 추후 원본 파일 제출 필수(형식: ai, psd)",제출,val
힌트 글 그림 : 조재현 환경보건교육 해양환경교육 과학칼럼에 생태전환교육 환경생활교육 답이 있어요 응모기간 응모대상 까지 2023. 5. 19.(금) 학생 및 일반 참여방법 응모권에 정답을 적어 응모함(북카페에 비치)에 넣어주세요 당첨혜택 당첨자 발표 정답자를 추첨하여 2023. 5. 26.(금) 이후 소정의 선물을 드립니다 당첨자에 한해 개별 연락 지난호(vol.,일정,train
"장시간 계속 수영하지 않으며, 호수나 강에서는 혼자 수영하지 않는다.",기타,train
신속항원 검사 양성인 경우 PCR검사(전문가용 신속항원검사)를 실시한다.,건강·안전,train
신청기간: 2022년 5월 28일(토) 10:00 ~ 5월 30일(월) 18:00,일정,train
학교에서 전달받은 단말기 하단의 12자리(9 + 3자리) 숫자를 홈-자녀정보의 '단말기등록하기'버튼을 누른 뒤 입력,제출,train
2차 신청기간: 12월 7일(화) 오후 12시 30분~해당 프로그램 시작 전까지(12월 13일~18일 프로그램 신청),일정,train
2026.4.28.(화) 5-6학년 책가방 없는 날 일과운영,일정,train
"중식비 수납 금액 : 138,0원(23식x6,0원/1식) - 신청자에게만 적용됨다.",비용,train
"노출이 심한 옷은 삼가고, 단정한 복장을 착용한다",준비물,train
2021학년도 4분기 방과후 원어민영어교실을 다음과 같이 운영하오니 기한 내에 신청 바랍니다.,제출,train
4. 미동의 시 불이익 사항 : 학교급식 모니터링 활동에 참여하실 수 없습니다.개인정보 수집 동의 예 아니요 개인정보 수집 동의 예 아니요 개인정보 수집 동의 예 아니요 식품 알레르기,건강·안전,train
"단, 50인 이상 참석하는 실외집회, 50인 이상 관람하는 실외 공연 스포츠 경기는 착용 의무 유지입니다.",준비물,train
출품작은 반드시 출품자의 창의적인 아이디어와 직접적인 수행을 바탕으로 제작되어야 합니다.,기타,train
2023 서울신월초등학교 방송부 지원자 자기소개서 5학년 ( )반 ( )번 이름( ) 제 출 : 1월 9일(월)까지 교무실로 제출 자기소개서는 바른 글씨로 정성껏 작성하여 제출합니다.,제출,train
모든 교육은 ZOOM으로 하는 비대면 수업이며 교육 준비물은 가정에서 개인별 준비,준비물,train
담임교사 추천: 2025년 11월 5일~11월 11일,일정,train
"2주 이상 기침, 가래, 발열, 수면 중 식은땀, 체중감소 등의 증상이 지속되면 결핵을 의심하고 결핵검사를 받아야 합니다.",건강·안전,train
집중신청기간: 2022년 3월 2일(수)~3월 18일(금),일정,train
"코로나19 백신 구성 성분에 대한 아나필락시스 와 같은 심각한 알레르기 반응이 나타난 경우 1차 코로나19 예방접종 후 아나필락시스와 같은 심각한 알레르기 반응이 나타난 경우, 첫 번째 백신과 동일 플랫폼의 백신으로 접종 금기 아나필락시스: 호흡곤란, 얼굴의 부기, 눈 또는 입술/입안의 부종, 몸 전체의 발진, 빠른 심장 박동, 현기증, 쇼크 등의 증상을 동반한 심각한 알레르기 반응 약(장 세척제 등), 화장품, 음식, 다른 종류의 백신 등에 알레르기 병력이 있는 경우 예진표에 기록해 주세요 코로나19 예방접종 후 발생 가능한 이상반응은 무엇인가요? 예방접종 후 접종부위 통증이나 부기, 발적, 발열, 피로감, 두통, 근육통, 오한, 메스꺼움 등이 나타날 수 있음 호흡곤란, 얼굴의 부기, 눈 또는 입술/입안의 부종 등을 동반한 아나필락시스와 같은 심각한 알레르기 반응이 나타날 수 있음 mRNA 백신(화이자, 모더나) 접종 후 가슴 통증, 압박감, 불편감, 호흡곤란이나 숨가쁨, 호흡시 통증, 심장이 빠르게 뛰거나 두근거림, 실신 증상이 나타나는 심근염 심낭염이 발생할 수 있음 코로나19 예방접종 후 이상반응이 나타나면 어떻게 해야하나요? 접종부위 부기, 통증이 있는 경우 깨끗한 마른 수건을 대고 그위에 냉찜질 하기 미열이 있는 경우, 수분을 충분히 섭취하고 휴식을 취하기 발열이나 근육통 등으로 불편함이 있는 경우 해열진통제를 복용하기 예방접종 전 아세트아미노펜 성분의 해열진통제 준비, 예방접종 후 몸살 증상이 나타날 경우 해열진통제 복용 다음과 같은 경우에는 의사의 진료를 받으세요 가슴통증, 압박감, 불편감, 호흡곤란이나 숨가쁨, 호흡시 통증, 심장이 빠르게 뛰거나 두근거림, 실신 등이 새롭게 발생하거나 악화되어 지속되는 경우 접종부위의 통증, 부기, 발적이나 발열 등이 접종 후 2일이 지나도 호전되지 않거나 악화되는 경우 접종 후 갑자기 기운이 떨어지거나 평소와 다른 이상 증상이 나타나는 경우 다음과 같은 경우에는 119로 연락하거나 가까운 응급실로 내원하세요 숨쉬기 곤란하거나 심하게 어지러운 경우, 입술 얼굴이 붓거나 온몸에 심한 두드러기 증상이 나타나는 경우이상반응 발생이 의심될 경우 1339 또는 관할 보건소에 문의하시기 바라며, 예방접종도우미 누리집(https://nip.kdca.go.kr) 내 '예방접종 후 건강상태 확인하기'에서 이상반응과 대처법을 확인할 수 있습니다.",건강·안전,train
일정 : 5월 4주 ~ 6월 4주 (약 5주) 동안 주 1회 온라인 수업으로 진행,기타,train
2026학년도 학부모회 총회 일시: 2026년 3월 18일(수요일) 오전 09:30~,일정,train
3) 사회통합전형대상자인 경우 학교에서 증빙서류 확인 후 GED에 학교장확인서 첨부하고 교사 추천(증빙서류는 학교 자체 보관),제출,train
재능기부 자원봉사자를 모집합니다.,기타,train
"3. 1인당 현장체험학습비 : 42,780원",비용,test
"수강방법: ZOOM 접속(회의용 ZOOM 클라이언트 다운로드 설치)- ZOOM 초대 링크:https://us02web.zoom.us/j/89955455394?pwd STJmWDhFY0RENG1iL3E3Z2VxYzI4Zz09- ZOOM 아이디, 암호: 아이디 899 5545 5394, 암호 2022",기타,train
학생들이 08:50까지 등교할 수 있도록 지도 부탁드립니다.,기타,val
학교 내 안전사고 예방을 위해 복도에서 뛰지 않도록 지도해 주세요.,건강·안전,train
2. 수강 추가 취소기간 : 2024년 8월 26일(월) - 2024년 8월 30일(금),일정,train
결석 시 출석 확인서와 의사 소견서를 첨부해 주세요.,건강·안전,train
서식 2 서식 2 주소 확인 방법 : 행정정보공동이용 업무포털 혹은 주민등록등본을 확인하여 담당교사가 서명함 서류에 기재한 내용이 사실과 다른 경우에는 불이익이 있을 수 있으니 정확히 기재 서식 3 서식 3 서식 4 서식 4 서식 5 서식 5 서식 6 서식 6 서식 7 서식 7 보호자(담임교사) 의견서 - 파란색 글자 지우고 작성 보호자(담임교사) 의견서학생명생년월일0.00.00.학생과의 관계보호자/담임교사소속기관(학급유형)00초(특수학급)장애유형(특수교육법상)특수교육법 상 장애명등록장애명/장애정도예) 복지카드 상 장애명(중증.경증)/ 장애인증명서(심함.심하지않음)의견위와 같이 보호자(담임교사) 의견서를 제출합니다.2024년 월 일 보호자(담임교사) : (인)경기도성남교육지원청교육장 귀하 서식 8 서식 8 서식9 서식9 특수교육대상자 취학유예 승인 신청서 - 파란색 글자 지우고 자필로 작성 특수교육대상자 취학유예 승인 신청서특수교육대상자성 명성별생년월일장애유형(특수교육법)등록장애 및 정도(복지카드)주 소소속학교(배치유형)보호자성 명대상자와의 관계주 소연락처유예기간2025. 3. 1. ~ 2026. 2. 28. (1년)신청사유보호자 자필로 작성보호자 확인사항(확인 후 체크) 특수교육대상자 취학유예 시작일을 기준으로 특수교육관련서비스가 종료됨을 안내받았습니다.,제출,test
"5. 신청기간 및 장소: 4월 14일(화) ~ 4월 22일(수) 오전까지, 4층 시청각실 앞",일정,train
아이가 아플 경우 반드시 학교에 연락해 주시기 바랍니다.,건강·안전,train
서울시교육청 농촌유학 참가 유의사항농촌유학 참가를 희망하시는 학부모님께서는 아래 유의사항을 숙지하시고 신청하여 주시기 바랍니다.,제출,train
"수강료 20회 77,600원 교재비 8,000원",비용,val
"실내화, 물통(수저), 알림장, 필기도구 가져오기",준비물,train
2025학년도 갈산초등학교 연간 행사 일정을 안내드립니다.,기타,val
수강료 미납으로 인하여 여러 가지 불편사항이 발생되고 있으니 수강료가 인출 날짜에 이체될 수 있도록 통장 잔액을 확인하시고 신용카드 확인해 주시기 바랍니다.,비용,train
2. 실내 마스크 의무 착용은 유지,준비물,train
납부방법: 9월 6일(금)까지 스쿨뱅킹 입금 혹은 신용카드 결제,비용,train
"1~2분기 연속과정 :2026년 8월 시험 응시예정 수강료172,800원 교재비18,0원16,200원",비용,train
소화기 사용법과 대피 방법을 자녀에게 알려주세요.,건강·안전,train
2. 방학 과제 (개학날 가져오기) 안내 사항,준비물,train
앞치마와 고무장갑을 지참해 주세요.,준비물,train
안전모 (헬멧) 착용,준비물,train
"2차 2022. 2. 19.(토) 3차 2022. 2. 26.(토) 4차 2022. 3. 5.(토) 5차 2022. 3. 12.(토) 수강신청 안내 - ""2022년 제1기 학생 유튜브 특강""은 실시간으로 진행되는 양방향 소통강의가 아 니며, ""2022년 학생 온라인 겨울방학 특강""지도강사가 동일한 커리큘럼으로 제작한 동영상을 유튜브에 게시하여 일방향 학습할 수 있는 강의임 영상내용에 대한 피드백과 답변 제공 불가 - ""2022년 제1기 학생 유튜브 특강""은 향후 강좌별 수강인원 확대가능성 검토를 위하여 실시하는 강의이므로 출결처리 미실시 대상 강좌명 강사명 영상물 게시 일정 신청일시 초등저학년 엔트리코딩으로 만나는 게임 이치훈 1차 2022. 2. 12.(토) 2차 2022. 2. 19.(토) 3차 2022. 2. 26.(토) 4차 2022. 3. 5.(토) 5차 2022. 3. 12.(토) 차시별 영상물은 60분내외이며 게시시간은 10:00~13:00 (게시 시간이후 삭제됨) 2022.2.7.(월) 10:00~ 2.10.(목) 18:00 초등고학년 메타버스 로블록스 탐험 이은정 중 고등학생 생각대로 파이썬 첫걸음 전현희 신청 방법 가.",일정,train
5회차 모집기간: 9.30.(수) ~ 10.8.(목),일정,train
"문의: 02-304-0995 (명현화, 윤화정 수련지도사)",기타,train
"사람이 많이 모인 장소, 특히 밀폐되고 환기가 잘되지 않는 곳의 방문은 자제합니다.",기타,train
"5. 예약방법: 예방접종 사전예약 시스템(https://ncvr2.kdca.go.kr/) 전화 : 1339, 위탁의료기관",건강·안전,train
저소득 가정 교육비 지원 신청서를 3월 말까지 제출해 주세요.,비용,train
단말기 가방에 달기,기타,train
"제출방법: '보호자 확인서'를 (담임)교사에게 사진으로 전송, 메일, 출력물 지참 등 편리한 방법으로 제출",준비물,train
"로봇공학 수강료: 83,760원(12회)/재료비 75,000원~85,000원",비용,train
반납 일시: 2022. 7. 4.(월) ~ 7. 8.(금) 8:40~16:00까지,일정,train
알레르기 정보 조사지를 작성하여 제출해 주시기 바랍니다.,제출,train
"4. 정보주체(본인) 동의사항 본인은 위 사무의 처리를 위하여 ""전자정부법""제36조에 따른 행정정보 공동이용을 통해 이용기관의 업무처리담당자가 전자적으로 본인의 구비서류(공동이용 행정정보)를 확인하는 것에 동의합니다.",기타,train
"학생은 봉사활동 계획서 및 확인서를 학교에 제출할 필요는 없으나, 실시 전 담임(담당)교사와 사전 상담을 실시하여 인정 가능 기관 및 활동인지 반드시 확인 필요",제출,val
"- 다 음 - 2024년 3 월 4 일풍 덕 초 등 학 교 장 -------------- 절 --------------- 취 ---------------- 선------------------ 학부모폴리스 희망서 제 ( )학년 ( )반 아동명( ) 학부모명( ) 주소전화번호휴대폰 ""꿈을 키우며 함께 성장하는 학교"" 풍덕 통신 학부모폴리스 신청 안내장 담당자 이명자 교무실 261-0052(128) 2024-3호 FAX 261-0055 단체명 활동시간 활동구역 및 활동인원 학부모폴리스 화.목 13:50~14:50(1~2학년 하교시간 기준)월,수,금 대한노인회에서봉사 학교주변 공원 일( )/ 2인1조 또는 1인1조 순찰함 주소 전화번호 휴대폰",제출,test
결과통보 후 24시간이 되는 날의 자정까지 유효,기타,val
"재료비 54,000원",비용,train
결석 2일 이상 시 담임선생님께 반드시 연락 바랍니다.,건강·안전,train
3순 단순 인터넷 영상 편집은 인정되지 않으며 AI로 만든 영상의 경우 영상에 'AI 생성' 문구 또는 로고를 삽입하고 영상 재생 구간 전체에 표시하여야 함,기타,val
학교 교육방침에 협조해 주심에 감사드립니다.,기타,train
"5.21 / 5.28 / 6.4 13:30(1차) : A (1~2학년군), 13:35(2차) : B (3~4학년군), 13:40(3차) : C (5~6학년군)",일정,train
"자전거 이용할 경우, 헬멧 보호대 등 보호장구를 반드시 착용하도록 지도",준비물,test
행사 일주일 전 참여 취소 연락이 필수입니다.,기타,train
기간: 2025. 6. 24.(화) 9시 ~ 6. 30.(월) 18시까지,일정,train
4. 제 출 물: 각 학급 담임 선생님께 제출,제출,train
황사·미세먼지 주의보 시 마스크를 착용하게 해주세요.,건강·안전,train
2026. 5. 30.(토) 프로그램 : 5. 21.(목) 17:00 ~ 5. 27.(수) 12:00,일정,train
"등교 전 의심증상이 있어 의료기관을 방문하여 진료 검사를 실시한 경우도 그 결과(검사결과서, 소견서, 진료확인서 등 증빙자료)를 학교에 제출하면 출석인정",제출,train
수영 수업 전 준비운동을 철저히 하도록 안내해 주세요.,건강·안전,test
건강 상태 자가진단 설문을 매일 완료해 주세요.,제출,train
"2) 4학년 중 비만 학생은 혈액검사가 있으므로 검사 8시간 전부터 금식을 하지 않으면 재방문하는 번거로움이 있습니다. (비만 학생은 검사 8시간 전부터 식사는 물론 껌, 주스도 먹지 않습니다.)",일정,test
"코로나19 대응 의료진 가정 - 재직증명서 또는 재직확인서, 기타 취업증명 서류, 주민등록등본 필요",제출,train
신청 기간 11월 13일(토) 10:00 ~ 11월 16일(화) 22:00,일정,test
"행안부 디지털원패스, 간편인증에 이미 가입된 경우 인증 후 학부모서비스에 가입하면 됩니다.",기타,train
신청 기간: 11월 24일(수) 09:00 ~ 11월 26일(금) 18:00,일정,train
방과후 수업료 3만 원을 이번 달 말까지 납부해 주세요.,비용,val
"초등학교 6학년 필수 예방접종 일본뇌염(사백신) 5차: 4차 접종 이후, 5년 경과된 만 12세 이상 아동",건강·안전,test
"4. TV는 끄고, 전화는 나중에 한다.",기타,train
"돌봄교실 이용료 월 50,000원을 선납해 주세요.",비용,train
2019. 11.11(월) 학교운영위원회 협의 학생들의 안전을 위해 쪽문 설치 필요 합의,일정,train
"문화예술 프로그램 참가비 30,000원을 입금해 주시기 바랍니다.",비용,test
"(단, 코로나 확진 후 치료 완료한 학생에 한해서는 방과후 수업 참여 가능합니다.) 이후 등교 여부는 원격수업 마지막 날에 지표를 조사하여 결정할 예정이니 원격수업 기간에도 자가진단 앱에 참여해야 합니다.",건강·안전,train
아이의 규칙적인 수면과 균형 잡힌 식사를 도와주세요.,건강·안전,train
우산을 꼭 지참하시기 바랍니다.,준비물,val
"학생이 장염 또는 설사 3회 이상, 복통, 구토, 발열 등 증상으로 치료를 받은 경우 담임 또는 보건교사에게 반드시 연락",건강·안전,test
보호자(운전자)는 차량 탑승 전 KF94 동급 이상의 마스크를 착용합니다.,준비물,train
"학생 수요를 반영한 특색있는 강좌를 운영하여 예술적 감성과 창의융합형 미래 역량 개발 강좌를 통해 관심 분야에 대한 흥미를 유발하여 사고확장의 기회를 제공 수강대상: 경기도교육청 소속 초 중 고등학생(1인 1강좌, 선착순모집) 수 강 료: 무료(단, 강좌별 교재비 및 재료비는 수강자 부담) 운영강좌:""코딩""등 강좌 등 총 70개 강좌 운영방법: ZOOM(https://zoom.us/)에서 실시간 강의 운영기간: 2022. 3. 14.(월) ~ 6. 9.(목) 법정 대체공휴일 휴강 운영시간 주 1회(100분), 총 12주 초등학생: 월~금 16:30 ~ 18:10 / 토 10:30 ~ 12:10 중 고등학생: 월~금 18:30 ~ 20:10 모집기간: 2022. 2. 24. 10:00 ~ 3. 8. 18:00 강좌별 신청시작일시가 상이하므로 3p 수강 신청 일정 꼭 확인 모집인원: 각 반별 20 ~ 25명(대기자 없음) 세부사항 2p 참조 개설 강좌(총 70개 강좌, 강좌별 모집인원 20 ~ 25명, 대기자없음) 초등 저학년/고학년은 학습수준에 따른 것으로 절대적인 것이 아님.",비용,test
수험표(접수증) 출력,제출,train
"7. 유의사항 1) 여럿이 모이는 만큼 감염의 위험이 높아지니, 꼭 돌봄이 필요한 아동만 신청해 주시기 바랍니다.",제출,train
1회차 모집기간: 4.1.(수) ~ 4.10.(금),일정,train
교내 대피훈련 도중 안전사고가 발생하지 않게끔 학생들이 지도교사의 이동 통제와 안전관리에 성실히 따르도록 지도,건강·안전,train
야간에는 위치를 알릴 수 있는 랜턴과 체온 보호용 담요를 준비합시다.,준비물,train
교외체험학습보고서 화면 '신청서 목록'에서 등록이 필요한 건을 찾아 등록하기 선택,제출,train
"김진형 - 인천재능대학교(총장), 카이스트(명예교수), 중앙대학교(석좌교수)- (전) 인공지능연구원 원장- (전) 소프트웨어정책연구소 소장 2기 고교학점제로 자녀의 미래를 여는 학부모 멘토 권오현 - 서울대학교 사범대학 교수- 교육부 재외교육지원센터 센터장- 국가 교육과정 개편 추진위원 온라인 신청 링크 QR 코드 http://ksurv.kr/?d 5940412월 6일(월) 오전 11시까지 신청 구분 일시 강의 주제 강사명(소속 직위) 1기 12. 8.(수) 14:30~17:30 인공지능의 어깨에 올라 미래세상을 보라!",일정,train
학예발표회는 11월 15일(토) 오후 2시에 개최됩니다.,일정,train
학교 소식지를 정기적으로 발송해 드리겠습니다.,기타,train
"한부모 가정, 조손가정 - 주민등록등본, 자격증명서류 필요",제출,train
135분 온라인 Zoom 25~27 7.05.(금) 16:00~18:15,일정,train
모든 개인 준비물에 이름을 씁니다.,준비물,train
"수강료 23회 133,860원 교재비 16,000원",비용,train
"OA마스터( 한글2016 )3-6(20명) 주 1회 / 주 100분 수 15:15~16:55 (100분)수강료 12회93,120원교재비 12,0원 '한글 프로그램' 기본 과정 한글 2016으로 수업 시간마다 작품을 만들면서 자연스럽게 한글 프로그램을 익히는 과정으로 고학년 학생이면 꼭!!",비용,train
"여행자 보험료: 164,870원 (1,510원)",비용,test
현장체험학습은 5월 20일(화) 오전 9시에 출발합니다.,일정,train
운영기간: 2022. 03. ~ 2022. 12. (학기당 15회 내외),일정,train
5. 가정에서 부모의 역할 - 자녀와 정규적으로 시간을 정해 대화하기,기타,train
일 시 : 2020년 1월 13일(월) ~ 16일(목) 10:00 ~ 12:00,일정,train
"1년 상품 배송료: 3,000원",비용,train
일주일 간은 고강도의 운동 및 활동을 자제,기타,train
"목표달성 혜택: 탐나는전 5천원 정책수당 충전 만 18세 이하 청소년 모바일 문화상품권 지급 (탐나는전 카드 미소지 시 5,0원 상당 홍보물품 지급)",비용,train
의료정보 제공 동의서를 주치의 서명 후 제출해 주세요.,제출,train
"증상발현 시 의료기관 방문 등을 통해 진료를 받고, 필요 시에는 치료제를 처방받아 관리",건강·안전,val
증상 호전 시까지 등교중지,건강·안전,train
응답 후 제출결과를 수정하실 때에는 응답 확인 클릭,제출,train
개인정보 제3자 제공에 동의,기타,train
학교 운영위원회 회의 결과를 공지해 드립니다.,기타,train
학생검진 인터넷 예약방법: 광주센트럴병원 홈페이지에서 학생검진예약 클릭,기타,train
제70회 전국과학전람회 원서접수: 2024년 8월 14일(수),제출,train
수강료 이체일: 12.10(화) - 12.13(금) 농협 스쿨뱅킹 통장으로 계좌이체 또는 신용카드 자동납부,비용,train
온라인 설문에 4월 14일까지 응답해 주시기 바랍니다.,제출,train
개학일은 8월 18일(월)입니다.,일정,val
변경 후: 3월 9일(월) 개학 및 입학 예정,일정,train
신청 기한 내에 들어온 신청만 유효(이전/이후 신청은 제외),제출,train
연중 신청 가능하나 학년초부터 지원받을 수 있도록 집중신청기간에 신청하는 것이 유리,일정,train
"병원진료 확인서, 체험학습 활동 신청서 등 서류제출 필요",제출,train
"C 3-6(20명) 15:30~16:35(65분) 16:10~16:50(40분) 수강료 12주(55회) 233,200원 교재비 35,000원",비용,train
"윤지숙010-4205-3925 3-6학년 B:15:20~17:00 B:10:50~12:30 IQ바둑&체스 1-6학년 수 A:13:30~15:10 A: 9:00~10:40 본관4층교과1실 (11차시)(수강료) 81,950(교재비) 20,0 -바둑과 체스를 통해 재미와 즐거움을 느끼고 바른 인성을 기르는 것을 목표로 합니다.",비용,train
아이지킴콜 앱(App Store와 Google Play에서 다운로드),기타,test
"단, 지원하였으나 불합격한 학생은 지원가능 하며, 합격한 학생 중 등록 포기 시 지원 가능함",제출,train
행정정보 공동이용 사전 동의서를 3월 15일까지 제출해 주세요.,제출,val
"우측 상단의 학습마당을 클릭, 수강신청을 클릭합니다.",제출,train
"감정이 저절로 사라지길 기다리기보다는, 그 감정을 안전하게 표현할 수 있는 환경을 만들어 주세요.",기타,train
"재료비: 27,500원",비용,train
"본교 이외의 단체 및 대회에 참가, 또는 방문을 하고자 할 때에는 학교장의 사전 승인 또는 허가를 얻어야 한다.",기타,train
온라인 신청 복지로 사이트 이용,제출,test
강좌 취소 - 신청기간 후: 유선 취소 031-8012-6027,일정,test
학부모 및 교원위원 선출 시기: 2026. 3. 21.까지,일정,train
예 / 아니오 함께 접종 받기 원하는 백신을 직접 작성해 주십시오.( )3. 자녀의 예방접종 예진표를 작성하셨나요?,건강·안전,train
신청기간: 2022. 3. 10.(목) 09:00 ~ 2022. 3. 14.(월) 18:00,일정,test
"준비물: 세면도구(칫솔, 치약, 수건 등)",준비물,train
"개별 발송된 단말기는 직접 등록(사용설명서 참조)하셔야 하며, 학생 가방 외부에 노출이 되도록 걸어주시기 바랍니다.",제출,train
가정폭력 피해신고 112에 꼭 연락하세요.,기타,train
또한 돌봄교실에 참여하는 학생들은 담당선생님께서 연락하실 예정이며 긴급돌봄이 필요한 경우 학교종이 앱에서 9.5.(월) 20시까지 신청바랍니다.,일정,train
"준비물 : 도시락, 간편 복장(운동화 착용), 크로스백 등 메는 보조가방, 개인 물통, 휴지, 비닐봉지 1-2개, 멀미예방약 등",준비물,train
- 지역 및 학교 선택,기타,train
"2. 모바일 알림장 '아이엠스쿨' 모바일 알림장 '아이엠스쿨' 실행 후, 중앙 2020 경기꿈의학교 신청하기 배너 선택 (상세 방법 아래 확인 2020년 4월 24일 풍덕초등학교장 모바일 알림장'아이엠스쿨'로'꿈의학교'신청하기 '아이엠스쿨'설치 및 회원가입 방법 OOOO 학교OOOO 학교OOOO 학교 OOOO 학교 OOOO 학교 OOOO 학교 7) 자녀 이름 입력 후, 학교명 검색8) ㅇㅇㅇㅇ학교 검색 후 선택 버튼 선택9) 학년, 반 선택 후 완료 버튼 선택 10) 성별, 동의란 선택 후, 저장 후 다음단계 버튼 선택 11) 저장 후 시작 선택(주변 관심 학교가 있을 경우 학교명을 검색하세요.)12) 시작하기 버튼 선택 ""꿈을 키우며 함께 성장하는 학교"" 풍덕 통신 2020학년 경기 꿈의 학교 참여 학생 모집 안내 담 당 안전생활진로부 교무실 261-0052(505) 2020-34호 FAX 261-0055 꿈의학교란, 경기도 내 학교 안팎의 학생과 청소년들이 자유로운 상상력을 바탕으로 무한히 꿈꾸고, 질문하고, 스스로 기획 도전하면서 삶의 역량을 기르고 꿈을 실현해 나가도록 학교와 마을교육공동체 주체(학부모, 마을활동가, 주민, 교육지원청, 지자체 등)가 지원하고 촉진하는 학교 밖 교육활동으로 학생꿈조사 상위 11개 분야(스포츠, 과학, 요리, 미술, 인문 사회, 영상 영화, 음악, 창업, 생태, 뮤지컬 연극, 진로 등)를 교육생태계 기반으로 하는 미래 교육입니다.",일정,train
학부모 자원봉사 신청서를 4월 7일까지 제출해 주세요.,제출,test
동의함 (미동의하는 경우 지원서 접수가 불가함) 전형료납부가상계좌 농협 123-456- (납부기간: 2021.11.15.~11.19. 18:00까지) 전형료 미납시 추천 불가 본인은 교육지원청 영재교육원 영재교육대상자선발에 위와 같이 지원합니다.,비용,train
저소득층 학생 급식비 면제 신청이 가능합니다.,비용,train
신청기간: 2020.06.12.(금) 18:00 ~ 2020.06.13.(토) 17:00 (연중 1회 신청),일정,train
"언제 어디서나 마스크 착용, 손 씻기, 사회적 거리두기, 다중이용시설 자제 등 방역수칙 준수 철저",준비물,train
"14. 준비물: 간편 복장, 도시락, 물, 간식, 휴지, 비닐봉지, 멀미예방 등",준비물,val
입학 서류(주민등록등본 1부)를 2월 10일까지 제출해 주시기 바랍니다.,제출,train
본인은 위 기록이 틀림없음을 확인하며 제26기 성남초등학교운영위원회 학부모위원으로 입후보 등록합니다.,제출,train
"일시: 2022년 10월 28일(금) 2, 3교시",일정,train
"운동(줄넘기, 달리기 등) 꾸준히 하기",기타,train
"B반 수강료 101,770원",비용,train
일시1) 3학년 : 9.19.(월) ~ 9.23.(금) 2) 4학년 : 9.26.(월) ~ 9.30.(금)나.,일정,train
학생선수는 수업결손 발생 시 학습권 보장을 위해 e-school 시스템 등을 활용하여 해당 수업을 수강하여야 합니다.,기타,train
모바일 버전: 오른쪽 수강신청 QR코드 스캔,제출,test
돌봄교실 신청 기간은 2월 17일(월)부터 21일(금)까지입니다.,일정,train
전염병 예방을 위해 개인위생 관리에 협조 부탁드립니다.,건강·안전,train
"준비사항: 데스크톱 컴퓨터 (Windows 10 64비트, 쿼드코어 Intel 또는 AMD 2.5GHz 이상, 8GB RAM, DirectX 11 또는 DirectX 12 호환 그래픽 카드)",준비물,train
"학생의 보호자가 부득이한 사유로 인하여 지정된 학교 외의 초등학교에 그 학생을 입학시키고자 할 때에는 학교장의 승낙을 받은 학생에 한해 본교에 형이 재학하는 경우에 한해 본교 취학을 허가하고, 학부모는 학생의 안전한 등교 책임에 관한 각서를 제출한다.",제출,train
"방문고리, 전등 스위치 등을 매일 한 번 이상 소독하세요.",건강·안전,train
신입생 예방접종 확인 기간: 3월 4일(화) ~ 3월 28일(금),일정,train
(2회 접종대상자) '25.9.22.(월) ~ '26.4.30.(목),일정,train
2학기 시작은 9월 1일(월)입니다.,일정,train
"아울러, 가정에서의 협조해 주실 사항을 알려드리니 준수하여 주시기 바랍니다.- 개인위생 철저(음식 섭취 전, 조리 전, 용변 후 비누를 이용한 손 씻기 실천)- 학생이 장염 또는 설사 3회 이상, 복통, 구토, 발열 등 증상으로 치료를 받은 경우 담임 또는 보건교사에게 반드시 연락 식품의약품안전처 자료 인용",건강·안전,train
"초등학교 6학년 무료 예방접종 Tdap/Td 예방접종 : 5차 DTaP 접종 이후, 5년 경과된 만 11세 이상(11~13년생) 아동",건강·안전,train
"OA마스터( 한글2016 ) 3-6(20명) 주 1회 / 주 100분 수 15:15~16:55 (100분) 수강료 12회93,120원교재비 12,0원 '한글 프로그램' 기본 과정 한글 2016으로 수업 시간마다 작품을 만들면서 자연스럽게 한글 프로그램을 익히는 과정으로 고학년 학생이면 꼭!!",비용,val
"교통비 25,950원",비용,test
"초등학교 신입생 자녀의 학교이해 및 적응, 가정에서의 학습지도, 포스트 코로나 시대 진로지도 등 교육 정보 제공으로 학부모님의 불안감을 완화하고, 자녀교육 역량 강화를 통해 자녀의 학교생활 적응에 도움을 드리고자 '전환기(신입생) 학부모교육' 을 아래와 같이 실시하고자 합니다.",건강·안전,val
운영기간: 2021.12.01.(수) ~ 12.10.(금) 10일간 오전 저녁 주말 시간대 운영,일정,train
4. 의료기관 방문 시 마스크를 착용하세요.,준비물,val
방학 중 학교에 올 경우에도 실내화를 신고 출입합니다.,준비물,train
18. 아래의 내용을 확인하시고 9월 15일(목)까지 학교종이 앱으로 참가여부를 신청해주시기 바랍니다,제출,train
2회 12. 12.(월) 오전 10시~12시 최재붕 4차산업혁명과 팬데믹 쇼크 어떻게 생존할 것인가?,일정,train
"- 각 업무별 개인정보 수집 이용 동의 및 개인정보 제3자 제공 관련하여 모두 동의 시, e알리미에 서명을 첨부하여 회신해주세요.(모두 동의 시 서명 한번으로 제출) - 항목별로 동의 여부가 다르거나 비동의 시, 파일을 출력하시어 체크해 주시고, 등교일에 담임선생님께 제출해주세요.",제출,train
"개인정보 3자 제공 동의 동의를 거부할 수 있으며, 동의 거부 시 입학준비금을 지원 받을 수 없습니다.",준비물,train
7) 예방접종 후 이상반응이 나타나는 경우 의사를 진료를 받도록 합니다.,건강·안전,train
버스 탑승 시 안전벨트를 꼭 착용하도록 지도해 주세요.,건강·안전,train
"5. 흡연 또는 음주 및 기타 약물을 경험 한 적이 있습니까? 지난 한달 동안 흡연, 음주, 약물 경험유무: 전혀 없음 매일 일주일에 2~3일 ( 표시) 학년 반 번호 학생 성명 보호자 성명 응급상황 시 연락처 (서명) 1.(관계: ) 2.(관계: )",건강·안전,train
편식을 하면 면역력이 저하되고 활력이 감소될 뿐 아니라 두뇌 및 신체 발육이 떨어집니다. 개인 위생을 필수로 지키면서 균형 잡힌 식사로 좋은 영양 상태를 유지하는 것이 면역력을 높이는 가장 간단하면서도 쉬운 방법입니다!,건강·안전,train
"2, 6학년: 도서실 쪽 현관에서 발열체크 후 각 교실로 이동",건강·안전,train
반드시 준비운동을 하고 구명조끼를 착용합니다.,준비물,train
수강신청 전 강좌별 강의계획서 반드시 확인하고 신청,제출,train
본교에서는 등교수업을 앞두고 코로나19 예방을 위해 다음과 같이 대응하고자 하오니 적극 협조해 주시기 바랍니다.,건강·안전,train
"2. 수집항목 : 학년, 반, 번호, 성명, 알레르기식품명, 알레르기증상",건강·안전,test
사회통합대상자 확인(증빙)서류 전체(사본은 학교 보관),기타,train
"빔프로젝터 or TV,필기도구 4(04.27.) 촬영 1 카메라, 마이크, 삼각대, 조명 등 촬영 장비에 대한 사용법을 숙지하고 시나리오에 맞추어 촬영을 진행한다.",일정,train
"3. 서울송파초등학교장 송파가정통신제 2026-2호 2026학년도 방과후 컴퓨터교실 1분기 수강신청 안내 월 화 수 목 금디지털주니어 A (1~2학년)1:00-1:50 디지털주니어 B (1~2학년)1:00-2:40 스마트오피스 (3~4학년)2:00-4:05 코딩마스터 (3~4학년)1:50-3:55 SW자격챌린지(4~6학년)1:50-4:20 디지털주니어 A (1~2학년)1:50-2:40 창의융합클래스(3~6학년)2:50-4:05 창의융합클래스(3~6학년)2:50-4:05 교육대상 본교 1학년 ~ 6학년 교육장소 도서관건물 2층 컴퓨터 1실 신청기간 2026년 3월 4일 (수) ~ 3월 5일 (목) 각반 선착순 마감 시 추첨 (정원 30명) 교육기간 2026년 3월 9일(월) ~ 5월 29일(금) 12주 수업 공휴일 및 재량휴업일 : 5/1(금), 5/4(월) 자율휴업일, 5/5(화) 어린이날, 5/25(월) 대체공휴일 (수강료에 포함되지 않습니다.) 과정명 디지털주니어A 1,2학년 월,목 월 1:00-1:50 수강료:(차시별금액) 22차시 4,800원/ 105,600원 교재비:(교재10%할인) 14,0원 12,600원 목 1:50-2:40 디지털주니어B 1,2학년 금 1:00-2:40 수강료:(차시별금액) 11차시 9,600원/ 105,600원 교재비:(교재10%할인) 14,0원 12,600원 스마트오피스 3,4학년 월 2:00-4:05 수강료:(차시별금액) 10차시 12,0원/ 120,0원 교재비:(교재10%할인) 28,0원 25,200원 코딩마스터 3,4학년 화 1:50-3:55 수강료:(차시별금액) 11차시 12,0원/ 132,0원 교재비:(교재10%할인) 37,0원 33,300원 창의융합클래스 3~6학년 목,금 2:50-4:05 수강료:(차시별금액) 23차시 7,200원/ 165,600원 교재비:(교재10%할인) 28,0원 25,200원 SW자격챌린지 4~6학년 수 1:50-4:20 수강료:(차시별금액) 12차시 14,400원 /172,800원 교재비:(교재10%할인) 18,0원 16,200원 신청방법( , 중택1) 링크신청 https://naver.me/F8uT0r2K e알리미에서 받은 URL 클릭하여 신청 / 우측 QR코드 문자신청 010-5794-6640(예) 0학년 0반 0번 김송파 코딩마스터 신청합니다.",비용,val
3학년 현장체험학습 참가비 납부 안내 제2022-200호 3학년 학부모님께언제나 신월 교육활동에 관심과 애정으로 협조해주시는 학부모님께 진심으로 감사드립니다.,비용,train
코로나19가 잦아 들었지만 건강을 위해 학생들이 손 자주 씻기 등 개인 위생 관리를 계속해서 실천할 수 있도록 지도 부탁드립니다.,건강·안전,val
"A반 방학중 월, 금 12:45~14:00",일정,val
의견이 있으신 학생 학부모님께서는 제안서를 작성하여 제출해 주시면 검토 후 수용 가능한 사업은 적극 반영할 예정입니다.,제출,train
만나는 사람과 마스크를 벗고 대화하거나 식사하는 등의 밀접한 접촉을 자제합니다.,기타,train
반드시 대회별 개최 요강을 확인하여 세부내용 확인나.,기타,test
개인정보 제3자 제공 동의 거부 시 입후보자 등록 불가,제출,train
2. 교육원 운영에 필요한 조사 설문 등에 적극 협조하겠습니다.,제출,train
학교스포츠 클럽으로 정식 등록하여 운영되므로 꾸준히 참여 가능한 학생들이 신청할 수 있도록 당부드립니다.,제출,train
홈페이지 접속: 학교 홈페이지 접속 팝업 클릭 설문조사,제출,train
안전모(헬멧) 착용을 반드시 합니다.,준비물,train
교과서와 공책을 빠짐없이 챙겨주시기 바랍니다.,준비물,train
"1년 상품 이용료: 33,000원 (12개월 / 일시납)",비용,test
"7. 약품, 식품 알레르기 종류 주의사항",건강·안전,train
신청기간: 2021. 11. 11. ~ 2021. 11. 15. 11:00까지,일정,train
외출할 때는 집에 목적지를 알리고 귀가 시간을 지킵니다.,기타,train
"학부모 설문조사: 4문항, http://survey.statschool.net/answer.jsp?a 68468",제출,train
설문 조사에 참여하여 주시기 바랍니다.,제출,train
"우울감이 2주 이상 지속되거나 식욕, 수면 변화가 함께 나타난다면 전문가와의 상담이 꼭 필요합니다.",기타,train
예방접종 후 이상반응 발생 여부와 관련된 문자를 휴대전화로 수신하는 것에 동의합니다.,건강·안전,val
가까운 정신건강의학과 병의원에 갈 수 있어요.,기타,train
꼭 올해 재학 중인 학교를 잘 찾아서 등록하세요.,제출,train
"또한 대부분의 청소년성폭력은 학생들의 집, 학교 등 학생들과 근접해 있는 곳에서 발생되기 때문에 가정, 학교 등 일상생활에서부터 예방이 이루어져야 합니다.",일정,train
학교 홈페이지 공지사항을 수시로 확인해 주세요.,기타,train
알림장 앱 설치 후 가입 확인을 해주시기 바랍니다.,제출,train
준비운동을 한 다음 다리부터 서서히 들어가 몸을 순환시키고 수온에 적응시켜 수영하기 시작한다.,일정,train
"학부모 확인 4학년 ( )반 (인) 검단초등학교장 귀중본인은 검단초등학교 주제별 체험학습의 신청과 현장체험학습 여행자 보험 가입을 위해 자녀의 개인정보(학년, 반, 번호, 이름 등)를 제공하고 활용하는 것에 (동의 , 동의하지 않음 ) 합니다.신청자: 학부모 (서명) 동의하지 않을 시 본 체험학습에 참여할 수 없습니다.",일정,test
"3. 일정 4. 1인당 참가비 : 36,540원",비용,train
"2. ""예방접종 내역조회""로 4종 필수예방접종 내역 확인",건강·안전,train
서식 1 2022학년도 신입생 신상카드 가천대학교 예술영재교육원장 귀하,기타,train
입학 준비금 신청서를 제출하시면 10만 원이 지원됩니다.,비용,train
학교운영위원회에 대하여 궁금한 사항은 행정실(2699-4786)로 문의하시거나 직접 방문하시면 친절하고 신속하게 안내하여 드리겠습니다.,기타,train
발열·기침 증상이 있는 경우 등교를 자제해 주세요.,건강·안전,test
다만 여전히 코로나19 상황임을 고려하여 2022학년도 작은 예술제를 학년 행사로 운영하고자 하오니 마음으로 축하를 보내주시기 바랍니다.,건강·안전,train
학생은 차별적인 문구나 그림이 담긴 옷을 입거나 액세서리 등을 착용해서는 안 된다.,준비물,train
"학생 또는 보호자는 서식17 을 사용하여 이의제기를 신청할 수 있고, 학교의 장은 서식18 을 사용하여 답변할 수 있다.",제출,val
설문과 관련된 모든 내용은 비밀이 보장되며 아래의 조사 참여 방법 안내에 따라 설문조사에 적극적으로 참여해주시기를 부탁드립니다.,제출,train
접촉자 고위험 기저질환자 PCR 1회 선별진료소 각 검사 결과 음성인 경우 등교 가능,건강·안전,train
"노슬기 010-8494-8198 대면 B 3-6 14:30~16:00 금 농구 A 3-4 13:40~14:25 (45분) 꿈자람터 수강료 41,880원 (12회) -농구의 규칙과 기본기술을 익히고 성장기 아이들의 올 바른 신체 발달을 도움이 됩니다.",비용,train
자녀의 교육 및 생활과 관련하여 궁금한 점이나 어려움이 있다면 학교에서 자녀를 가장 잘 알고 있는 담임 선생님과 협력하는 것이 매우 중요합니다.,기타,train
선발 관련 세부 일정 및 프로그램 안내는 선발요강과 첨부 자료 참고,제출,test
현장체험학습 참가비 3만 원을 3월 20일까지 납부해 주세요.,비용,test
"장 소: 제주도 일원(서귀포월드컵리조트, 신화테마파크, 올레매일시장, 새연교, 천지연폭포, 4.3평화공원, 아쿠아플라넷 등) 장소는 변경될 수 있습니다.",일정,val
"2월: 18일 × 5,000원(1식) = 90,000원 (2월 3일 ~ 2월 28일)",비용,train
또한 2학기 학부모 상담 주간 등 2학기 학교 교육 활동 시 청렴 행동 약속들을 잘 지켜주시기 바랍니다.,일정,train
영어체험학습은 5월 8일(목) 진행 예정입니다.,일정,train
코로나19 확진 시 즉시 학교에 알려주시기 바랍니다.,건강·안전,train
6) 예방접종 전후 주의사항 예방접종 전 반드시 의사의 예진을 받아야 합니다.,건강·안전,train
1학기 기말고사는 6월 23일(월)부터 25일(수)까지 실시합니다.,일정,test
의견제출 방법: 학교종이앱으로 의견 제출,제출,train
수강료는 환불 요구 시점을 기준으로 아래 규정에 따라 환불한다.(코로나 환불은 방역지침에 의해 변경될 수 있음.),비용,train
- 방과후학교 취소 및 환불요청은 반드시 담당 강사님 혹은 방과후코디실로 접수 후 처리됩니다.- 수강료 납부 기간에 수강료 미납 시 수강취소 처리가 되므로 이 점 확인하시기 바랍니다.,비용,train
이미 납부한 수강료를 일할 계산한 금액 환불,비용,train
교육방송 시청하기-EBS2 TV 또는 EBS PLUS 2(위성방송) 시청,기타,train
"검사 후 아래 학생건강검사 확인서를 담임선생님께 제출해주시기 바랍니다.1. 검사기간 : 2023. 7. 17. (월) ~ 8. 25. (금)2. 검사대상 : 1학년3. 검진비용 : 무료 (학교회계 지출)4. 검진항목 : 건강조사, 신체계측(키, 몸무게, 시력, 청력, 혈압), 소변검사, 의사문진, 구강검사5. 검사기관 : 아래 검사기관 중 1곳을 방문하여 검사 실시검사기관 검사기간시간소재지연세든든내과 연세이음치과7.17.~ 8.11 연세든든내과예약필수(뒷면참조) 평일 14:00~17:00강서구 화곡로 152 CUBE152 2층(화곡역 6번 출구 100m) 치과는 3층에 위치 내과: 02-6347-80치과: 02-2608-7528메디힐병원 메디힐치과8.14 ~ 8.25 평일 13:30~15:30양천구 남부순환로 331(서울금융고 맞은편) 치과는 건물 내 위치 내과: 02-2604-7551치과: 02-2605-1275 학생건강검사 확인서 (학교제출용) 1학년 반 번 이름 : 건강검사구강검사검사기관명 검사기관명검사일자2023. .",제출,train
"3. 참석자 사전 준비사항 - (필수) PC 또는 노트북(인터넷 연결, 이어폰 연결)",준비물,train
검사결과 음성이라도 증상이 있는 동안은 집에서 충분히 휴식을 취하면서 경과 관찰 및 등교중지를 권고한다.,건강·안전,val
5. 접종대상자의 예방접종 후 이상반응 설명 및 미동행 확인 등을 위하여 연락 가능한 연락처를 정확하게 작성해 주십시오(휴대 전화번호: ),건강·안전,train
"주제: 일상 회복 특집 인생의 질을 높이는 소통의 기술 강사: 남인숙(""여자의 모든 인생은 20대에 결정된다""저자) 영상 게시기간: 6. 18.(토) 자정까지 (이후 삭제) 영상 링크(강서구청 유튜브 채널)https://youtu.be/LwIGxZSvYME 익스플로러는 지원이 종료되어 열리지 않습니다.",일정,train
"1. 수집이용목적 : 학생건강검진 및 건강관리2. 수집항목 : 학생명, 학년반, 생년월일, 건강검진문진내용3. 제공받는 자의 보유 이용기간 : 학생의 본교 재학기간4. 미동의 시 불이익 사항 : 학교에서 진행하는 건강검진을 할 수 없으며, 개인적으로 검진을 받아야 합니다.",일정,train
4. 의견 수렴 방법: https://forms.gle/2VGHfDoKsonyuT6X7 QR 코드를 스캔하면 설문에 응답하실 수 있습니다.,제출,train
신청기간 내 취소: 2022. 3. 8.(화) 18:00까지 인터넷으로 본인이 직접 취소,일정,train
예방접종 기록을 학교에 제출해 주시기 바랍니다.,건강·안전,train
"5월 가족과 함께하는 수학 체험교실 참여 가족은 9월, 11월 가족과 함께 하는 수학 체험 교실 신청이 불가하며 신청할 경우 별도의 통보없이 취소됩니다.",기타,train
학부모 공개수업은 4월 25일(금) 오전 3~4교시에 운영됩니다.,일정,test
교복 구입비를 지원받으려면 담임선생님께 신청해 주세요.,비용,train
수학여행 경비 총 15만 원을 4월 30일까지 학교 계좌로 납부해 주세요.,비용,train
"지원 대상으로 선정된 가정에서는 아래의 내용을 읽어보시고 반드시 교육부 교육청 협약요금제에 가입하시어 지원받으시기를 바랍니다.2023. 6. 16.서울신월초등학교장 지원 기간 : 2023년 6월 ~ 2024년 5월 (1년) 2023년 6월 ~ 2024년 5월 사용분(2023년 7월 ~ 2024년 6월 청구분) 단, 2024년 고등학교 졸업 예정자는 2024년 2월 사용분까지 지원 지원 내용 : 인터넷통신비 월 17,600원 교육부 교육청 협약요금제1)교육부와 협약을 맺은 통신사(KT, LGU , SKB, SKT) 및 서울특별시교육청과 협약을 맺은 통신사(딜라이브, SKB(구 T브로드), LG헬로비전, 현대HCN, CMB)에서 초 중 고 저소득층 학생(인터넷통신비 지원 대상자)에게 제공하는 요금제 가입자에 한하여 지원(가입 월부터 지원) 붙임1 교육부와 협약을 맺은 통신사(KT, LGU , SKB, SKT) 및 서울특별시교육청과 협약을 맺은 통신사(딜라이브, SKB(구 T브로드), LG헬로비전, 현대HCN, CMB)에서 초 중 고 저소득층 학생(인터넷통신비 지원 대상자)에게 제공하는 요금제 붙임1 지원 통신사 : KT, LGU , SKB, SKT, 딜라이브, SKB(구 T브로드), LG헬로비전, 현대HCN, CMB 지원 방법 : 매월 교육청에서 통신사로 직접 지급 지원 대상 : 서울 소재 학교에 재학하는 저소득층 가구 학생 선정 기준 : 가구 내 최연소 학생 1명 (1가구당 1회선 지원) 지원 절차 인터넷 사용요금은 가입 월부터 지원되며, 가입 익월에 청구되어 통신사에 납부됨 학부모 처리사항 (1) - 2023학년도 심사결과 관련 심사 결과 필수 학부모 처리사항 2023학년도 선정자 선정된 경우 별도안내(SMS 또는 전화) 통신사에 직접 연락하여 협약요금제 가입 붙임1 협약요금제 가입자에 한하여 인터넷통신비 지원(가입 월부터 지원) 현재 서울시교육청 협약요금제 가입 중이면 다시 가입할 필요 없음 유해정보차단 소프트웨어 '그린아이넷' 설치(무료) 붙임2 미선정자(지원 중지) 인터넷서비스 직접 해지( 자비부담 자동 전환) 2022학년도 교육정보화 지원 대상으로 인터넷통신비를 지원받았으나 2023학년도에 미선정된 경우, 2023년 6월 사용료(7월 청구분)부터는 자비부담으로 자동 전환되므로 해당 통신사에 인터넷 해지 여부, 계속 이용 시 청구요금 등을 반드시 확인 학부모 처리사항 (2) - 변동사항 발생 시 (2023. 6월~) 변동사항구분 필수 학부모 처리사항 저소득 자격 취득 교육비 신청(상시) 동의서 추가 제출추가 선정 학교에 '교육정보화 지원 대상 추가선정 요청' 후 통신사에 협약요금제 직접 가입( 가입 월부터 지원) 학적 변동(타시 도 전출, 자퇴, 퇴학, 제적, 휴학, 유예, 면제, 졸업)지원 중지 인터넷서비스 직접 해지( 자비부담 자동 전환) 학적 변동 월까지만 지원되고 자비부담으로 자동 전환되므로, 통신비 납부를 원하지 않는 경우 통신사에 직접 서비스 해지 타시 도로 전출 이후 지원에 관하여는 전입 학교/교육청에 문의 지원 통신사 변경계속 지원 학부모가 직접 기존 통신사의 인터넷서비스를 해지하고, 신규 통신사의 인터넷서비스 개통 및 협약요금제 가입 유의사항: 1개 통신사에 월할 지급되는 사항으로, 통신사 변경 월에도 1개 통신사로만 지원되므로 나머지 1개 통신사 이용 요금은 가정으로 청구됨 안내 및 상담 기타 인터넷통신비 지원에 관련된 사항은 학교 교육정보화 지원 담당교사에게 안내 상담 받으시기 바랍니다.",비용,train
"제공된 개인정보는 개인정보 관리책임자를 통해 열람, 정정, 삭제 등을 요구할 수 있습니다.1. 개인정보 수집 이용 (필수)항목수집 이용 목적보유기간성명, 성별, 생년월일, 전화번호, 주소모금회의 배분사업 신청 지원 및 관리 등의 업무10년 위의 개인정보 수집 이용에 대한 동의를 거부할 권리가 있습니다.",일정,train
"4~6학년 학생 설문조사: 3문항, http://survey.statschool.net/answer.jsp?a 68466",제출,train
온라인 한국어 강의 신청 기간은 3월 6일부터 17일까지입니다.,일정,train
"교육급여 신청인(최초 복지 수급 신청인), 수급 학생의 세대주 또는 성인 세대원",제출,train
"도전!웹툰작가 수강료: 83,760원(12회)/재료비 57,000원",비용,train
학부모 상담 주간은 5월 둘째 주 월요일부터 금요일까지입니다.,일정,train
신청 기간: 2023. 3. 6. (월) ~ 3. 17. (금),일정,train
장소: 본교 운동장(우천 등 기상상황에 따라 강당으로 변경 가능),기타,val
"수분이 많은 채소, 과일로 먹기",기타,train
문의 : 도교육청 대외협력과 제안제도 운영 담당(064-710-0233)2026. 4. .,기타,train
"- 차량비 17,320원",비용,train
학교생활 적응에 어려움이 있으시면 언제든 연락주세요.,기타,train
"체험학습비 20,000원을 담임선생님께 직접 납부해 주세요.",비용,train
수업시작 & 1주(11/22(월)~11/26(금)): 납부한 수강료의 전액 환불,비용,train
수강료 6. 13.(월) ~ 6. 16.(목) 스쿨뱅킹 출금 예정,비용,train
현장체험학습 참가 신청서 2022학년도 6학년 현장체험학습에 참가를 희망하여 신청서를 제출합니다.,제출,train
신청방법: 제주국제교육원 홈페이지 신청&접수,제출,test
"동의 없는 촬영물, 영상, 상대방의 외모에 대한 평가 등을 하지 않도록 합니다.",기타,train
8.지원유형선택 전형유형에서 일반전형과 사회통합전형 중 선택,기타,test
"검사기관별 검사기간 및 예약방법을 확인하신 후, 보호자님과 함께 병원 1곳을 방문합니다.",일정,train
"본 추천서를 모두 작성하신 후, 지원자가 볼 수 없도록 봉투에 넣어 기관장 직인으로 봉인해 주시고 지원자가 서류접수 시 제출할 수 있도록 해주십시오.(추천서만 별도로 등기우편으로 발송해 주셔도 됩니다.) 추천의견 (영재교육 대상자의 발전가능성(추천) 정도 해당 점수에 표 요망).",제출,train
수강료 납부 기간을 꼭 확인,비용,train
"(귀가 후) 다중이용시설 자제, 집에 머무르며 건강상태 관찰, 일상생활 복귀 전 적극 PCR 검사받기",건강·안전,train
여벌 옷을 준비해 보내주시기 바랍니다.,준비물,val
"양성 확인: 담임교사에게 연락하여 주시고, 진단키트를 밀봉 지참하여 가까운 선별진료소에서 PCR 검사를 실시",준비물,train
상담 요청 일시 희망순위1 2023년 ( )월 ( )일 ( )시경 희망순위2 2023년 ( )월 ( )일 ( )시경 상담 유형 전화 상담 방문 상담,기타,train
"6월 캠퍼리: 참가비, 간식비, 기념품비 2,046,000",비용,train
step 2 등하교 안심알리미 선택,기타,train
수학여행은 10월 13일(월)부터 15일(수)까지 2박 3일 일정입니다.,일정,train
감염위험도 높은 시설 방문 및 사적 모임을 제한한다.,건강·안전,train
안내 지원 전에 공고와 문의번호를 꼭 확인하세요.,기타,val
대상: 코로나19로 인한 학습결손을 회복하면 더 큰 잠재능력을 보일 수 있는 학생 및 자신의 학습결손을 적극적으로 보충하려고 희망하는 학생,건강·안전,train
감염병 의심될 땐 질병관리본부 콜센터 1339 상담,건강·안전,train
"교재비 12,000원을 학기 초에 납부해 주시기 바랍니다.",비용,train
학부모회 임원을 모집하오니 많은 참여 바랍니다.,기타,test
쓰레기는 준비해 온 봉투에 넣기,준비물,val
3. 마스크를 꼭 착용하고 등교합니다.,준비물,test
학부모는 방과후학교 운영과 관련된 제반 사항에 적극 협력한다.,기타,train
모든 승선자는 구명동의를 착용해야 한다.,준비물,train
방과후학교 수강료를 다음 달 5일까지 납부해 주세요.,비용,train
학교설명회는 2월 14일(금) 오후 2시 강당에서 개최됩니다.,일정,val
장소 및 학생의 안전과 원활한 진행을 위해 학부모님은 모시지 않습니다.,기타,test
"교체의 경우 증빙서류(직계가족경조사, 전학, 사고)를 첨부하는 경우에는 상황에 따라 인정하기로 함.",제출,train
"수강료 12주(55회) 233,200원 교재비 38,000원",비용,train
2. 규칙을 정할 때 자녀와 합의를 통해 정합니다.,기타,train
"수강료 12회 93,120원, 교재비 15,000원",비용,train
수영복과 수건을 반드시 지참하시기 바랍니다.,준비물,train
가족관계증명서상 부 모 또는 미혼인 형제 자매는 주민등록을 달리하더라도 가구원에 포함,제출,train
"부모-자녀 간의 친목 및 대화의 시간에 도움을 드리고자 준비하였사오니, 많은 신청바랍니다.아래의 내용을 잘 읽어보시고 희망하시는 분은 12월 19일(목) 15시까지 4층 복지상담실로 신청서를 제출해 주시기 바랍니다.",제출,train
"아이의 이야기를 끝까지 들어주고, 감정을 존중해주세요.",일정,train
포트폴리오 서류를 3월 10일까지 담임선생님께 제출해 주세요.,제출,train
"겨울방학 독서달력 작성하기 및 한 줄 느낌 쓰기 책을 읽은 후 독서달력에 책이름, 지은이, 출판사를 기록한다.",일정,train
기존에 설치된 알리미를 통하여 자녀별 계정 추가만 하면 됩니다.,기타,train
자녀의 학교생활에 관심을 기울여 주시기 바랍니다.,기타,train
실내화 주머니를 매일 챙겨주시기 바랍니다.,준비물,train
- 여행자보험 480원,비용,val
1. 예방접종하고자 하는 해당 백신을 표시해 주십시오. 인플루엔자: 3가 백신(국가비용지원),건강·안전,train
구강검진 (8.1.부터 가능) 후 확인서 제출,제출,train
"진로 선택 시 도덕적 고려의 필요성을 논리적으로 정당화하고, 자신의 특기와 가치를 반영하여 구체적인 진로 계획을 수립합니다.",기타,train
"3. 운영대상 : 돌봄이 꼭 필요한 본교 3학년~6학년 맞벌이, 저소득층, 한부모, 코로나19 대응 의료진 가정 자녀",건강·안전,train
"배정 전 : 실거주지로 주민등록을 환원토록 요구하고, 실거주지를 근거로 배정됩니다.",제출,train
"수집항목: 학생 성명, 전화번호, 주소, 주민등록번호, 가족사항, 본교 형제관계, 학생 실태 등",제출,train
주민등록등본(주소지 확인용),제출,train
신청 기간: 4. 22.(금) 16:00까지,일정,val
"예방접종 전후 주의사항, 이상반응 등 반드시 사전숙지 필요",건강·안전,train
"수련활동 비용 75,000원을 5월 2일까지 납부해 주시기 바랍니다.",비용,train
주소: (13120) 경기도 성남시 수정구 성남대로 1342(구 복정동 산 65번지) 가천대학교 과학영재교육원 바이오나노연구원 403호,기타,test
확진자이거나 확진자와 접촉(접촉일로부터 2주간 착용)했던 경우,준비물,test
생수 한 병과 간식을 준비해 오세요.,준비물,test
2차 2022. 2. 19.(토) 3차 2022. 2. 26.(토) 4차 2022. 3. 5.(토) 5차 2022. 3. 12.(토) 회차 영상물 게시 일정 유의사항 1차 2022. 2. 12.(토) 회차별 영상물은 60분 내외이며게시시간은 10:00~13:00 (게시 시간 이후 삭제됨) 강의시간을 준수하시기 바랍니다.,일정,train
"예방접종내역 전산등록 확인방법 등 안내 1) 예방접종도우미 누리집(https://nip.kdca.go.kr)에 회원가입하고, 자녀를 등록합니다.",제출,train
"심리치료 및 병원 치료비 지원: 일반계층(최대 40만원), 사회적돌봄대상(최대 60만원 이내)",기타,train
교복 구입 시 교육청 지원금 40만 원이 지급됩니다.,비용,train
"각 강좌의 강좌소개 및 교재비, 재료비 여부 꼭 확인(방학 중 교재, 교구는 변경될 수 있음)",비용,train
학교밖청소년의 경우 - 소속학교(학교에 학적이 있는 경우)가 있는 학생은 소속학교 업무 담당교사 추천,기타,train
아픈 부위와 증상에 대해 자세히 이야기합니다.,건강·안전,train
"의견제출인 성명(명칭), 전화번호, 주소 기입",제출,val
독감예방접종의 면역력은 접종 후 2주일부터이므로 빠른 시일내에 접종 부탁드립니다.,건강·안전,train
학생도박예방교육 2022.11.1.(화)10:00~13:00 40명 김종재(한국도박문제예방치유원) 학부모가 알아야할청소년 도박문제,일정,train
생소한 사람과 전자우편을 주고받으면 안 된다.,기타,test
5월 6일(수)은 정상 수업일입니다.,일정,val
개인 준비물을 반드시 스스로 지참하여야 수영 실기교육에 참여 가능합니다.,준비물,test
"학생들의 안전한 등하굣길 운영을 위해 아래 사항을 안내 드리오니, 가정에서도 꼭 협조해 주시기 바랍니다.",기타,train
부모의 사망(학생): 제적등본(2007. 12. 31. 이전 신고한 경우),일정,train
지구촌 환경문제를 조사하기 위한 인터넷이 가능한 스마트 기기를 준비하거나 사전에 환경문제에 관한 자료를 수집해서 가지고 올 수 있도록 안내함.,준비물,train
6. 스쿨뱅킹 인출일 : 11월 24일 ~ 11월 28일,일정,train
미술 수업에 필요한 물감과 붓을 준비해 주세요.,준비물,train
소풍은 4월 17일(목)에 진행됩니다.,일정,val
학교 주변 교통안전 지도에 협조해 주시기 바랍니다.,건강·안전,train
교내 사진 촬영 시 사전 허가를 받아주세요.,기타,train
졸업식은 2월 14일(금) 오전 10시 강당에서 진행될 예정입니다.,일정,train
운동화를 착용하여 등교해 주세요.,준비물,train
외출 시에는 미끄러지지 않도록 바닥이 넓은 운동화나 등산화를 착용한다.,준비물,test
학부모 총회는 3월 28일(금) 오후 3시에 강당에서 열립니다.,일정,train
학용품(연필·지우개·색연필)을 충분히 준비해 주세요.,준비물,train
"월, 금 14:00~15:15(75분) / 방학중: 월,금 10:00~11:15",일정,train
"급식 시작은 3월 4일(화)이며, 급식비는 학교 계좌로 납부해 주세요.",비용,train
심리평가보고서(제출일 기준 1년 이내),제출,train
고위험 기저질환자는 학교장 확인서 지참하여 선별진료소 PCR검사 실시,준비물,test
픽시 자전거 운행 시 브레이크(앞바퀴 뒷바퀴) 장착 필수,기타,train
"수험표 출력: 2021.12.10.(금), GED 사이트에서 지원자가 직접 출력 기간 전 출력한 수험표는 미인정(수험번호 미생성 및 오류 발생 가능)다.",일정,train
실외 마스크 착용 의무 해제 및 권고사항을 참고하여 자율적으로 마스크 착용 실천,준비물,train
2차 영어2실 D반 5-6학년 20명 10:40-12:00 1월 17일(금)-1월 23일(목),일정,train
텃밭 가꾸기 등 일상적인 농업활동을 직접 체험하고 참여하기,기타,train
"3, 5학년: 2층에서 발열체크 후 3층, 4층 각 교실로 이동",건강·안전,train
"인플루엔자 의심 증상 시, 신속한 진료와 등교(등원) 자제 - 자녀가 38도 이상의 발열, 기침, 인후통 등 인플루엔자 의심 증상을 보이면 등교(등원)를 자제하고 가까운 의료기관에서 적절한 진료를 받습니다.",건강·안전,train
운동회는 10월 5일(토) 오전 9시 30분 운동장에서 열립니다.,일정,test
"준비물: 간편 복장, 도시락, 물, 개인 돗자리, 간식, 휴지, 비닐봉지, 멀미약",준비물,train
"40. 22. 5. 1인당 예상 현장체험학습비: 59,950원",비용,train
자전거도로가 없으면 도로의 오른쪽 끝부분에 붙어서 통행해야 합니다.,기타,train
공모 접수는 7월 10일부터 9월 12일까지입니다.,제출,val
"다빈도 접촉부위(문고리, 전등 스위치 등)는 주기적으로 소독",건강·안전,train
우리 학교 급식 식단표는 매월 홈페이지에 공개됩니다.,기타,train
가족 여행 계획서를 담임선생님께 사전 제출해 주세요.,제출,train
2022. 12. 14.(수)~ 12. 20.(화) 유학 신청(1차),일정,train
"평소 반복되는 증상(두통, 어지럼증 등)이나 통증 등 건강상의 문제로 보건실을 자주 방문했었던 학생은 병원을 방문하여 정확한 진단 및 치료 받기.",건강·안전,train
가정에서도 공동체 약속을 꾸준히 실천해 주시기 바랍니다.,기타,train
현장학습 당일 편한 운동화를 신고 오세요.,준비물,train
12월 29일(금)까지 제출,제출,train
(1회 접종대상자) '25.9.29.(월) ~ '26.4.30.(목),일정,test
"7.2 / 7.9 / 7.16 13:30(1차) : C (5~6학년군), 13:35(2차) : A (1~2학년군), 13:40(3차) : B (3~4학년군)",일정,train
갯벌이 묻어도 얼룩이 남지 않는 긴팔 옷,기타,train
등하교 시 꼭 손을 씻도록 지도해 주세요.,건강·안전,train
휴식 시간에는 다음 시간 준비와 생리적인 문제를 해결한다.,준비물,train
학부모위원으로 입후보하고자 하는 학부모는 실에 비치된 후보자 등록서류를 작성하여 선출관리위원회에 제출(등록)합니다.,제출,train
"김아름010-2-4969 대면 B 3-6 14:30~16:00 화 쏙쏙한자속독 A 1-2 13:30~15:00 교과3실(서관2층) 수강료 76,780원(11회)/교재비17,0원 -그림과 이야기로 재미있게 익히는 한자-한자의 기본인 부수 한자 학습하고, 교과어휘, 사자성어로 어휘력 확장하게 됩니다.",비용,train
교통안전 교육 결과를 가정에서도 복습시켜 주세요.,건강·안전,train
신청기간: 4차 : 11월 16일(화) 오후 12시 30분~해당 프로그램 시작 전까지 (11월 22일~30일 프로그램 신청),일정,train
"동의서는 구글 폼에서 확인하실 수 있으며, 제출된 신청서는 선정 절차를 통해 교육 참가 여부가 확정됩니다.",제출,train
체육대회는 9월 18일(목) 오전 9시에 운동장에서 진행됩니다.,일정,train
지원서 제출 기간: 11.15(월)~11.19.(금),제출,train
2020년 학부모 독서아카데미 신청을 원하시는 학부모님께서는 e-알리미로 10. 8.(목)까지 신청서를 제출하여 주시기 바랍니다.,제출,train
1) 정해진 자리에 앉아 안전벨트를 맵니다.,건강·안전,train
"학년, 반, 번, 학생 성명과 보호자 성명 및 연락처(필수)를 기재해주시기 바랍니다.",제출,train
관심을 갖고 계시는 학부모님들의 많은 시청 부탁드립니다.,기타,train
"참여를 희망하는 학부모님께서는 신청기한 내 신청URL 접속을 통하여 직접 신청하여 주시기 바라며, 자세한 내용은 서울학부모지원센터 홈페이지(https://parents.sen.go.kr) 공지사항을 통해 확인 가능합니다.",제출,train
다른 서식의 검사결과서 제출 가능하며 진료내용 및 검진결과는 의료인이 직접 기입하여 주시기 바랍니다.,제출,train
병원 진료 후 감염병 진단이 나면 담임선생님께 연락을 하시고 격리 치료를 합니다.,건강·안전,train
1. 선별진료소 방문하여 검사받을 것을 안내받음,건강·안전,train
마스크를 꼭 착용하고 등교하시기 바랍니다.,준비물,train
"모니터링담당자 미동행 시 대중교통이용은 불가하며, 자차 방역택시 등을 이용합니다.",건강·안전,train
본인은 상기 내용을 숙지하였으며 개인정보 수집 및 이용에 동의합니다.,기타,train
서울특별시강서양천교육지원청 학교통합지원센터 운영 안내,기타,train
신규 신청자는 이용료 선택 후 신청하고 입금하여 서비스 이용,비용,train
"수강신청 방법: ""학교종이앱""을 통해 선착순으로 이루어집니다.",제출,train
"접종부위의 통증, 부기, 발적이나 발열 등이 접종 후 2일이 지나도 호전되지 않거나 악화되는 경우",건강·안전,train
"2. 신청 또는 면담 시 제공한 정보와 사실이 다른 경우, 지원금은 중단될 수 있습니다.3. 참가 도중 학교, 농가 및 거주유형은 변경은 불가하며, 임의 변경 시 지원금은 중단됩니다.4. 예비 중학생(초등학생)의 경우, 서울 소재 학교에 입학 후 전학 처리해야 합니다.5. 서울 소재 중학교 일반배정을 희망하는 6학년 학생은 2학기 신청 연장이 불가합니다.",비용,train
"체험학습 불참 학생 5명 (체험비 26,000원 각각 환불)",비용,train
"6. 경비 납부기간 및 방법 : 스쿨뱅킹 통장 입금 2022년 8월 30일 검단초등학교장 ----------------------------절------취-------선---------------------------- 2022학년도 4학년 주제별 체험학습 참가 희망서 -참여 희망하지 않는 경우에도 '희망하지 않습니다'에 표시, 사인하셔서 학교로 보내주세요.- 개인정보의 제공 및 활용 동의서 2022년 4학년 주제별체험학습 참가신청 안내 홈페이지 https://gomdan-e.goesn.kr 담당자 : 구 오 753-4762(402) 시 간 활 동 내 용 비 고식사 시간 변경 가능하며, 도시락 개별 지참.",비용,val
이혼으로 인한 한부모가정의 경우 주민등록등본 기준 거주를 같이하는지 확인,제출,train
"성적, 기록, 가족관계 비밀 유지, 학교 밖 이름표 착용 강요를 금지한다.",준비물,train
돌봄교실 신청서를 작성하여 담임선생님께 제출해 주세요.,제출,test
"환상숲 곶자왈공원: 436,000원 (4,000원x109명)",비용,train
교육급여 신청서를 학교에 제출해 주시기 바랍니다.,제출,train
개인정보 동의서를 아이 편에 보내주시기 바랍니다.,제출,train
장화나 방수 신발을 준비해 주세요.,준비물,val
감염병 예방을 위한 환경부 지침을 준수해 주세요.,건강·안전,train
"본교에서는 학생들이 공감 소통하고, 배려와 존중하는 태도를 실천하며, 긍정적인 인성을 갖추기 위해 10월 12일부터 10월 23일까지 '2학기 인성교육 실천주간'을 아래와 같이 운영하고자 하오니, 가정에서도 자녀들의 바른 인성 함양을 위한 실천 운동에 적극 참여해 주시기 바랍니다.",일정,train
본인 자가격리 종료 후에도 코로나19 관련 증상이 있으면 등교중지,건강·안전,train
센터 홈페이지에서 인터넷 접수(선착순)나.,제출,train
"본교 우유급식을 실시함에 있어 ""학교급식 기본방향""에 의거 2023학년도 학교 우유급식 실시 여부에 대해 학부모님의 의견을 반영하고자 하오니 다음 ""2023학년도 학교 우유급식 실시 희망여부""에 대해서 12월 22일(목)까지 ""학교종이"" 앱으로 응답하여 주시기 바랍니다.",일정,train
증상 발생 시 1339 또는 보건소에 문의,건강·안전,train
신청자 소속 ( )초등학교 이름 보호자 2022년 월 일 학교장 귀하,제출,train
신청 후 부득이하게 수강이 힘들게 될 경우 즉시 강사에게 연락 부탁드리며 광주초 방과후학교 교육활동 중단사유서(광주초 홈페이지-다함께마당-방과후교실 공지사항 게시판)를 작성하여 교무실 김시은 실무사님께 제출하는 시점부터 환불처리됩니다.,제출,val
수업시작 5주 ~ 8주(12/20(월)~1/14(금)): 수강료 1개월(4주치) 환불,비용,train
형제자매가 함께 농촌유학을 신청하는 경우 참가 가능(서울 소재 공립초등학교 1학기 이상 재학 필수),제출,train
모집기간: 2026.5.1.(금) 09:00 ~ 5.15.(금) 18:00,일정,train
꼭 필요한 질문 이외의 대화를 할 수 없습니다.,기타,train
응급환자가 발생하면 119나 1339에 전화 후 다음의 응급처치를 취합니다.,건강·안전,test
예방접종 후 15~30분간 접종기관에 머물러 심각한 알레르기 반응 등 이상반응 여부 관찰,건강·안전,train
성교육: 자신의 몸 소중히 여겨 노출하지 않기,기타,train
"급식비: 4,539원",비용,train
"학생 준비물: 두꺼운 외투, 핫팩, 간식거리(매점 없음), 기타 상비약, 개별 물통(바지선 내 수도시설 없음)",준비물,train
학생들은 달리기 편한 복장으로 학교에 와서 참여합니다.,준비물,train
체육복을 매일 착용하여 등교하게 해주시기 바랍니다.,준비물,train
급식비 월 6만 5천 원을 10일까지 납부해 주시기 바랍니다.,비용,train
장소: 송파초 교과수업실1 또는 신청인원이 많을 경우 시청각실 (추후 재안내),제출,val
"00년 00월~00월 ㅇㅇ교육원(영재학급) 00분야 수료 또는 재원 중 (가장 최근 1건만 작성 요망) -수료증, 생활기록부 기재사항 등으로 시 도 교육청 및 과학기술정보통신부(한국 과학창의재단) 지정 영재교육원 이수 여부 확인 후 작성 요망 추천자 이름 직위 소속 학교(영재교육기관) 학교/영재교육원 연락처 전화 휴대폰 e-mail 추천하지 않음 보통 매우 추천 1 2 3 4 5 6 7 8 9 10 항목 수집목적 보유기간 -지원자 정보(성명, 생년월일, 사진, 학교, 주소, 연락 처 등) -보호자 정보(성명, 연락처, 이메일 주소 등) 신입생선발 운영관리 (원서접수 및 입학전형) 1년 동의 미동의 학생 성명 생년월일 소속학교 ( ) 학교 ( )년 ( )반 지원 기관 ( )영재교육원 ( )분야 학부모 성명 전화번호 주소 대상자 유형 지원 자격 사회통합 대상자 기회균등 대상자 유형 ( ) 사회다양성 대상자 유형 ( ), 가구원수 ( 인 ) 본인은 2025학년도 사회통합대상자로 지원하고자 합니다.",제출,test
온라인 학부모 총회 참석 의향 설문에 응답해 주시기 바랍니다.,제출,train
"1. 일 정1) 5학년 1반: 11월 19일(수) 08:50~12:102) 5학년 2반: 11월 12일(수) 08:50~12:103) 5학년 3반: 11월 5일(수) 08:50~12:104) 5학년 4반: 10월 22일(수) 08:50~12:102. 장 소 : 한성백제박물관(송파구 위례성대로 71)3. 대 상 : 5학년 학생 전체4. 참가비: 무료5. 준비물: 간편한 복장, 운동화6 .",비용,val
"상담 신청: 학급별 소통 창구로 개별 신청 (전화, 하이클래스 하이톡 등)",제출,test
"알찬 교육 프로그램으로 자녀들의 특기적성 계발에 최선을 다하고자 하오니, 부서를 잘 검토하시고 신청해주시기 바랍니다.",제출,train
특수교육대상자 선정 배치 중도 취소자는 특수교육운영위원회 심사 전까지 특수교육대상자 선정 배치 의뢰 취소 신청서를 제출해야 함을 안내받았습니다.확인하였다.,제출,val
학교에서는 새 학년도에도 원격수업이 진행될 경우에 대비하여 방학 동안 스마트기기의 유지 보수를 진행하고자 하오니아래 반납 일정과 지침을 반드시 숙지하셔서 기기반납에 협조해 주시기를 부탁드립니다.,일정,train
교과서 대여 신청서를 학기 초에 제출해 주세요.,제출,train
11:30부터 소극장 입구에서 선착순 입장,일정,train
옷소매로 가려요 기침 예절 지키기 - 기침이나 재채기를 할 때는 옷소매나 휴지로 입과 코를 가려주세요.,건강·안전,train
"방학 중 방과후교실, 스포츠교실, 상담교실, 영어캠프에 참가하는 학생은 일정을 확인하고 참석합니다.",일정,train
3월3일(화) 일정 안내 - 1학년: 입학식 후 급식하지 않고 12시에 하교,일정,train
2. GED에 처음 오신 분은 회원가입을 합니다.,기타,train
급식 신청서를 작성하여 3월 7일까지 제출해 주세요.,제출,val
가족이나 친구와 자주 연락합니다.,기타,train
매 등교 희망일로부터 2일 이내 학생의 진단검사 음성 결과서 제출 시 등교 가능,제출,train
동아리 활동에 필요한 재료를 개인 지참하여 주세요.,준비물,train
3. 제공받는 자의 보유 이용기간 : 학생의 본교 재학기간,일정,train
우리 학교는 다문화 가정을 환영하고 적극 지원합니다.,기타,train
모자와 선크림을 준비해 주시기 바랍니다.,준비물,train
"월 상품 첫 결제금액: 14,000원~ (부가세 포함)",비용,train
"서울시교육청의'2026년 불법찬조금 근절 대책'에 따라 불법찬조금 모금 관련 사례 발생 시 학교장 등이 인지하지 못한 경우에도 처벌을 받을 수 있으며, 학교도 불이익 조치를 받을 수 있으니, 불법찬조금 납부 요구가 있을 시에는 아래 신고처로 신고하여 주시기 바랍니다.",비용,train
접수기간 내에는 응답확인하기에서 응답수정이 가능(단 PC에서만 가능),제출,train
- 기침을 할 때는 옷소매로 입과 코를 가려요!,건강·안전,train
"42. 24. 7. 체험비: 26,000원 (다양한 직업 체험)",비용,train
졸업앨범 사진 동의서를 반드시 제출하여 주시기 바랍니다.,제출,train
아동의 상처에 대한 보호자의 설명이 모순되는 경우 신고 필요,기타,train
유학 최종 신청: 2021년 12월 27일(월)~2022년 1월 5일(수),일정,train
5. 결과통보를 받은 후 추후 관리 정상 소견일 경우 - 참고하셔서 계속 건강을 유지해 주세요.,기타,train
그러나 동의를 거부할 경우 교육회복지원금 지원이 불가합니다.,비용,train
입학식은 3월 4일(화) 오전 10시에 강당에서 진행됩니다.,일정,val
"빔프로젝터 or TV,편집용 노트북 9(06.01.) 숏폼 콘텐츠 제작(인증제) 유튜브 쇼츠, 인스타그램 릴스, 틱톡에서 인기 있는 챌린지를 함께 알아보고 제작 해본다.",일정,train
"영재교육원 지원 자격이 기준에 해당하지 않거나 제출 서류가 허위로 판명될 때에는 결격 처리하고, 사후에라도 결격사항이 판명되면 합격을 취소함",제출,test
"위원님께서는 사안조사 보고서 등 심사 자료를 참고하시고, 선도조치 결정을 위해 관련학생 및 학부모(보호자)님께 추가로 확인할 사항에 대해 준비하여 주시기 바랍니다.",준비물,train
자료를 살펴보고 사람들의 옛날 생활 모습을 찾아 설명하기,기타,train
클라우드서비스 통합로그인 지원시스템 이용 전 준비사항,준비물,test
긴급연락처 변경 신청서를 반 담임선생님께 제출해 주세요.,제출,train
수학여행 짐은 배낭 하나로 제한합니다.,준비물,train
약관동의 및 서비스 가입인증,기타,val
자전거 이용 시 헬멧 착용을 의무화합니다.,건강·안전,train
2 새로운 일정을 추가 하는 기능 만들기,기타,val
견학 당일 도시락과 음료를 준비해 주시기 바랍니다.,준비물,train
"지레, 빗면과 같은 도구를 이용하면 물체를 들어 올릴 때 드는 힘의 크기가 달라짐을 알고, 도구가 일상생활에서 어떻게 쓰이는지 조사하여 공유할 수 있다.",기타,train
"학습 준비물: 자, 컴퍼스, 각도기를 준비해 주세요.",준비물,train
수족구병 의심증상이 있는 경우 곧바로 가까운 의료기관에 방문하여 진료를 받고 전염력이 없어졌다고 의사가 판정할 때까지 학교(학원 포함)등 사람이 많이 모이는 장소에 가지 않도록 해주시기 바랍니다.,건강·안전,train
2) 담당강사로부터 문자회신 시간: 8월 23일(금) 12시 이후,일정,train
"2) 자녀가 ""디벗""기기와 액세서리를 소중히 사용하며, 분실 파손하지 않도록 지도하겠습니다.3) 스마트기기 학습의 상황을 점검하고 이를 주제로 수시로 자녀와 대화하겠습니다.",기타,train
아래 내용을 참고하여 참가 신청서 작성 후 4월 20일(월)까지 담임선생님께 제출 바랍니다(기한 엄수).,제출,train
회의 참여 신청 URL: http://naver.me/FMAEnrsz,제출,train
주소 (세부 주소는 미기재),제출,train
운영 시간: 오전 9시 ~ 오후 4시,일정,train
줄넘기 연습하기(양발모아 앞으로 뛰기),기타,val
"운영기간: 2023. 4. 22.(토)~11. 11.(토) 중 토요일(총 10일, 20회)라.",일정,train
체험학습 당일 도시락과 물을 준비해 주세요.,준비물,train
개인정보 수집/이용 제공 동의,기타,train
지원서는 반드시 출력하여 학교 혹은 추천교사분께 제출해야 하나요?,제출,val
"본교는 학교 내 감염 예방 및 전파 방지를 위하여 ""동거인 확진자""가 있는 학생은 3일내 PCR검사 실시 후 결과 확인 시 까지 등교중지(출석인정)하며, 6~7일차 신속항원검사를 실시하도록 협조 부탁 말씀을 드립니다.",건강·안전,train
레벨 테스트 후 레벨은 변경 불가하니 신중하게 신청바람,제출,train
"아이스박스, 페트병 등 부력이 발생하는 도구를 이용",기타,train
"여가시간에는 특별실을 이용하여 자신의 취미와 적성을 살리는 활동을 할 수 있으며, 이용규칙을 잘 지켜야 한다.",기타,train
다들어줄게 어플을 통해 상담을 받으실 수 있습니다.,기타,test
2. 위원회의 평가 결과에 이의가 있는 평가 대상의 학생이나 학부모는 평가 결과를 안 날부터 10일 이내에 해당 학교장을 통하여 재평가를 요청할 수 있다.,일정,train
예 5. 예방접종 후 이상반응 설명 및 미동행 확인 등을 위하여 연락 가능한 연락처를 정확하게 작성해 주십시오(휴대 전화번호: ) 접종 당일 자녀의 건강상태 및 의사의 예진 결과에 따라 예방접종이 연기될 수 있습니다.,건강·안전,val
감염 또는 감염이 의심될 경우 학교와 같이 집단생활을 하는 곳(학원 포함)에서는 등교중지를 해야 합니다.,건강·안전,train
1. 개인 온라인수업 준비물: 줌 수업용 기기 1대(태블릿PC)와 실습용PC 1대(데스크톱 또는 노트북) 가.,준비물,train
2025학년도 자동신청 미희망 시 취소 기간(3월 5일~3월 20일) 내 취소 가능,일정,train
"의사 진단서(특수교육지원센터 작업치료 선정 학생만 해당, 최종 선정 후 제출)",제출,train
"(일상복귀) 등교(출근) 전 코로나19 의심증상이 있으면 미리 검사와 진료를 받고, 음성인 경우에도 증상이 있으면 다른 사람과의 접촉을 최소화하며, 개인위생에 철저히 신경 써 주시기를 당부드립니다.",건강·안전,train
일시 : 2020년 1월 8일(수) 오전 10 시 30분 장소 : 성남초등학교 슬기관 3층 2020년 1월 2일 성 남 초 등 학 교 장 한종숙 성 남 초 등 학 교 운 영 위 원 장 윤창근 성 남 초 등 학 교 학 부 모 회 장 정희선,일정,train
ZOOM 초대링크: https://bit.ly/3EMivQ6,기타,train
한국어 학습이 필요한 다문화가정 학생 및 학부모(보호자) 모두 기한 내 신청하여 주시기 바랍니다.,일정,train
3. 납부기간 및 방법: 2022년 9월 27일(화)-30일(금) 스쿨뱅킹 또는 신용카드,비용,train
선발공고를 다운받아 보시면 사회통합전형에 대한 안내가 공지되어있습니다.,기타,train
보호자 특별교육 기간은 3일 이내로 지정하여 할 수 있다.,일정,train
자살예방상담전화 109로 언제든지 연락 주세요.,기타,val
생태체험학습 일정은 4월 10일(목) 오전 8시 50분 출발입니다.,일정,train
2022년 1학년 주제별체험학습 참가비 납부 안내홈페이지https://gomdan-e.goesn.kr담당자 : 창 753-4762(101) 안녕하십니까?,비용,val
학생 건강 자가진단 앱을 매일 아침 시행해 주세요.,건강·안전,train
아이들이 편안한 복장으로 등교할 수 있도록 해주세요.,준비물,train
동의서를 작성하여 3월 20일까지 담임선생님께 제출해 주세요.,제출,train
학부모님들의 참여와 봉사로 아이들의 건강하고 안전한 학교활동을 할 수 있도록 많은 신청 부탁드립니다. (성남초 학부모는 자발적 1인 1봉사를 지향합니다.),제출,train
"지역 제품 구매를 통해 화석연료 사용을 줄이고 지역 경제를 지원하며, 필요한 물건만 사는 습관이 자원 낭비를 줄이는 데 기여할 수 있습니다.",기타,train
학교 환경 개선을 위한 의견을 제출해 주세요.,기타,train
해원 합창단 단원 추가 모집 오디션을 아래와 같이 안내하오니 많은 신청 바랍니다.,제출,train
"음성이더라도 계속적인 건강상태 관찰, 올바른 마스크 착용, 개인위생 방역 수칙 준수 철저",준비물,train
지원서 제출 기간: 2020. 6. 16.(화) ~ 6. 22.(월),제출,train
"영재교육원 교육장소 - 교육 장소: 경기도성남교육지원청부설 영재교육원 (창성중학교 안에 위치함, 약도 참고) 주소: 경기도 성남시 수정구 수정로 400 창성중학교(영재교육원)",기타,train
"학교의 장과 교원, 보호자는 상호 간에 상담을 요청할 수 있고, 상대방의 요청이 있는 경우 명백한 사유가 없는 한 이에 응하여야 한다.",기타,train
신청기간: 2023. 4. 6.(목) 09:00 ~ 2023. 4. 13.(목) 18:00,일정,train
"1월: 11일×6,000원(1식) 66,000원 (1월 13일 ~ 1월 31일)",비용,train
1. 대상: 3학년 학생 전체,기타,train
신청 방법: 교육비 원클릭 시스템(http://oneclick.moe.go.kr) 온라인 신청,제출,train
수학여행 동의서를 3월 31일까지 학교로 제출해 주세요.,제출,test
"기타 유의사항 - 지원과 관련한 세부 사항은 선발 요강을 참고함 - 영재교육원 수업 및 각종 프로그램에 참가하기 위한 교통 편의는 별도 제공하지 않으므로 수업 장소까지 이동하는 방법은 개인적으로 강구해야 하며(학생 안전에 유의), - 수업장소를 확인하여 참여가 가능한 프로그램으로 지원해야 함 표 교육지원청 (4권역) 학급수(학생 정원) 초3,4학년과정 초5,6학년과정 중1,2,3학년 과정 계 3학급(60명) 3학급(60명) 2학급(40명) 성남 3학급(60명) 초3학년 1학급/초4학년 2학급 3학급(60명) 2학급(40명) 8학급(160명) 2학급(40명) 2학급(40명) 2학급(40명) 2학급(40명) 2학급(40명) 2학급(40명) 1학급(20명) 4학급(80명) 2학급(40명) 2학급(40명) 3학급(60명) 3학급(60명) 구 분 내 용 과정 구분 일시 내용 1단계 선발공고 ~2024. 3. 1.(금) 학생지원 2024. 3. 25.(월) ~ 3. 29.(금) GED시스템(http://ged.kedi.re.kr) 활용하여 학생이 직접 지원 4권역 프로그램 중 1개를 선택하여 지원 지원서류(지원서, 체크리스트, 자기보고서)는 모두 작성 학년별 세부프로그램은 첨부된 프로그램 안내 참고 지원 서류 작성 방법은 부록1 참고 학교추천 (교사추천) 2024. 4. 1.(월) ~ 4. 2.(화) 2024. 4. 2.(화) ~ 4. 4.(목) 1단계 학생선정 2024. 4. 5.(금) ~ 4. 12.(금) 추가모집 2024. 4. 15.(월) ~ 4. 16(화) 2024. 4. 17.(수) 교육대상자 발표 2024. 4. 22.(월) 예정 교육운영 2024. 4월 ~ 6월 2단계 2단계 학생선발 2024. 6월 ~ 7월 교육운영 2024. 7월 ~ 11월 모집 학년 지역청 교육영역 지원 학년 모집인원 (명) 프로그램 주제 수업 요일 및 시간 (예정) 수업 방식 초3,4 학년 초5,6 학년 광주하남 융합(과학,정보,기술) 초5,6 20 인공지능 문제 해결사 (수)16:00~18:30 대면,온라인 융합(과학,정보,공학) 초5,6 20 친환경 도시 설계 (화)16:00~18:30 대면 융합(수학,과학,정보) 초5,6 20 STEAM으로 그리는 미래 (목)16:00~18:30 대면,온라인 성남 융합(과학,수학) 초5,6 20 SMP(science & Math Project) (월)16:00~18:00 대면 융합(과학,환경) 초5,6 40 미래의 나를 위한 ECO PROJECT (월)16:00~18:00 대면,온라인 안성 양평 여주 융합(과학,수학) 초5,6 20 흥미로운 수학, 과학 세상 만나기 (화)17:00~19:00 대면,온라인 융합(과학,정보) 초5,6 20 탐구 중심의 학생주도 프로젝트(3D 모델링,SW,AI) (목)15:00~17:00 대면,온라인 융합(과학,정보) 초5,6 20 코딩과 중력 속 과학 원리 탐험 (목)17:00~18:20 대면 융합(수학,예술) 초5,6 20 생활 속 수학의 세계 (화)16:00~18:10 대면 융합(예술,정보,사회) 초5,6 20 AI 프로그램을 활용하여 나만의 메타버스 전시회 꾸미기 (목)16:30~18:45 대면,온라인 융합(과학,우주,예술) 초5,6 20 빛과 소리로 만나는 세상 (목)17:30~19:45 온라인 융합(수학,과학) 초5,6 20 수학과 과학으로 연결되는 별과 나 (금)16:00~18:15 온라인 융합(과학,정보,수학) 초5,6 20 3D프린팅과 과학놀이로 메이커되기 (금)16:30~18:45 온라인 용인 융합(과학,환경,인공지능) 초5,6 20 나도 툰베리처럼, 청소년 기후행동 기획 (수)16:30~18:00 온라인 융합(과학,국어,예술,SW) 초5,6 20 환경 지능 프로젝트(AI, 전자책, SNS와 환경의 만남) (수)16:30~18:00 온라인 융합(과학,정보,예술) 초5,6 20 삼성 반도체 응용 과학교실 (수)16:30~18:00 대면,온라인 중 1,2,3 학년 용인 융합(과학,수학,인공지능) 중1,2,3 20 휴머니즘 VS 알고리즘 (수)17:00~18:30 온라인 융합(과학,수학,인문학) 중1,2,3 20 나는야 의사과학자(디지털 바이오 혁신) (수)17:00~18:30 온라인 융합(과학,수학,인문학) 중1,2,3 20 세상을 바꾼 아이디어 (수)17:00~18:30 온라인 성남 융합(과학,정보,수학) 초3 20 나는야 창의융합 마술사!",제출,train
수강료 환불 기간: 다음 달 초 (스쿨뱅킹),비용,train
다중 이용시설 방문 시 방역지침 준수,건강·안전,val
2025학년도 1학기 학부모 상담은 5월 12일(월)부터 16일(금)까지 운영됩니다.,일정,train
이에 참여하고 싶은 학생들은 하단의 설문에 참여의사를 4월 24일까지 회신하여 주시기 바랍니다.,제출,train
손 씻기와 같은 개인위생을 지키고 스트레스를 긍정적으로 해소하는 것도 중요합니다.,건강·안전,train
자유수강권 대상자 아동 3번 연속 결석 시(또는 총 수업일수의 50% 이상) -담당교사와 상담 후 지원금 중지 및 수강료 부담금으로 전환됩니다.,비용,train
2. 입학준비금 신청 사이트 이용 방법 1 2 1 1 (개인정보입력) 학부모 생년월일 입력 1 (신청하기) 휴대폰 인증 완료 후 신청서 작성하기 클릭 2 (휴대폰인증) 인증하기를 누르고 본인인증 진행,제출,train
"준비물: 체육복, 실내화 등",준비물,train
"해열제 복용없이 24시간동안 정상 체온 유지, 호흡기 기타 증상 없으면 등교 가능",건강·안전,train
5. 동의서 회신 : 봉투에 넣어 담임선생님께 4월 13일(수)까지 회신,제출,val
인플루엔자 예방접종을 10월 31일까지 완료해 주세요.,건강·안전,test
"급식 신청비 월 70,000원을 계좌이체해 주시기 바랍니다.",비용,train
"설문 참여 (3~6학년): 1안 밀집도 1/3 원칙 17.7%, 2안 밀집도 2/3 운영 가능 82.3% (604명 응답)",비용,train
접수기간 종료 후 취소를 희망하실 경우에는 방과후코디실 02-2699-4785(내선829)로 연락주세요.,제출,train
21. 3. 납부기간 및 방법: 2022년 9월 27일(화)-30일(금) 스쿨뱅킹 또는 신용카드,비용,test
등교시 마스크 착용부탁드립니다.,준비물,train
선행학습 예방을 통해 학생의 학습 부담을 경감하고 학습 흥미를 제고할 수 있도록 선행학습 유발 관행 근절 노력에 협조해 주시기 바랍니다.2022. 3. 21.서울신월초등학교장------------------------------------------------------------------------------,일정,train
아이디/비밀번호 찾기를 클릭합니다.,기타,train
"건강검사 확인서 (보호자 작성, 학교에 제출)",제출,train
예 ( ) 아니오 ( ) 참여를 희망하지 않으신다면 이유는 무엇입니까?,기타,train
3) 홈페이지에서 신청 시 개인정보 사용에 대한 승인 인지 후 신청,제출,val
일시: 2025. 1. 15.(수) 10:00~11:30,일정,train
"15:30~17:45 융합 (수) 초3,4 20 인공지능과 함께하는 공공디자인 온라인(구글미트) (과학,예술,인공지능) 16:00~17:30 용인 융합 (수) 초3,4 20 지구의 힘으로 디자인해요 온라인(ZEP) (과학,수학,예술) 16:00~17:30 교육일정 및 수업내용은 교육지원청(영재교육원) 상황에 따라 변동 될 수 있음 온라인 수업 - 웹캠 사용 가능한 데스크탑 또는 노트북 준비 필수 2024년 광주하남교육지원청 부설영재교육원 4권역 1단계 프로그램 (초3,4학년) 2024년 광주하남교육지원청 부설영재교육원 4권역 1단계 프로그램 (초3,4학년) 2024년 광주하남교육지원청 부설영재교육원 4권역 1단계 프로그램 (초3,4학년) 2024년 성남교육지원청부설 영재교육원 4권역 1단계 프로그램 (초3학년/A반) 교육일정 및 수업내용은 교육지원청(영재교육원) 상황에 따라 변동 될 수 있음 2024년 성남교육지원청부설 영재교육원 4권역 1단계 프로그램 (초4학년/B,C반) 교육일정 및 수업내용은 교육지원청(영재교육원) 상황에 따라 변동 될 수 있음 2개의 학급(B반, C반)으로 운영되어 반별로 수업 순서(수업방식 포함)는 달라지며, 학생별 반배정 결과는 합격자 발표 시 안내함 2024년 안성교육지원청 부설영재교육원 4권역 1단계 프로그램 (초3,4학년) 교육일정 및 수업내용은 교육지원청 상황에 따라 변동 될 수 있음 2024년 안성교육지원청 부설영재교육원 4권역 1단계 프로그램 (초3,4학년) 교육 일정 및 수업내용은 교육지원청 상황에 따라 변동될 수 있음 2024년 양평교육지원청 부설영재교육원 4권역 1단계 프로그램 (초3,4학년) 교육일정 및 수업내용은 교육지원청(영재교육원) 상황에 따라 변동 될 수 있음 2024년 양평교육지원청 부설영재교육원 4권역 1단계 프로그램 (초3,4학년) 교육일정 및 수업내용은 교육지원청(영재교육원) 상황에 따라 변동 될 수 있음 웹캠 사용 가능한 데스크탑 또는 노트북 준비 필수 2024년 여주교육지원청 부설영재교육원 4권역 1단계 프로그램 (초3,4학년) 교육일정 및 수업내용은 교육지원청(영재교육원) 상황에 따라 변동 될 수 있음 2024년 용인교육지원청 부설영재교육원 4권역 1단계 프로그램 (초3,4학년 A반) 교육일정 및 수업내용은 교육지원청(영재교육원) 상황에 따라 변동될 수 있음 개인 온라인 수업 준비물",준비물,train
본 가정통신문은 학교 홈페이지에서도 확인 가능합니다.,기타,train
청소년상담전화 1388로 연락하시면 도움받으실 수 있습니다.,기타,val
교육 재료는 가정에서 준비,준비물,train
각각 검사결과 음성이고 증상이 없는 경우 그 다음 날 등교가능,건강·안전,test
"김아름010-2-4969 대면 B 3-6 14:30~16:00 화 쏙쏙한자속독 A 1-2 13:30~15:00 교과3실(서관2층) 수강료 76,780원(11회)/교재비17,0원 -그림과 이야기로 쉽게 익히는 한자.-교과어휘, 사자성어로 어휘력 확장하고, 한자 학습의 기본이 되는 부수 학습, 한자속독 훈련으로 집중력, 기억력 향상됩니다.-PPT를 활용한 한자 보드게임을 합니다.-수준별 급수교재로 급수시험 대비를 합니다.",비용,train
학교 급식에 대한 의견을 급식모니터링단에 알려주세요.,기타,train
체육 활동 후 충분한 수분 보충을 권장합니다.,건강·안전,train
코로나19 예방접종 전에 접종대상자의 예방접종 내역을 코로나19 예방접종관리시스템 으로 사전 확인하는 것에 동의합니다.,건강·안전,val
"수집항목: 장애유형, 복지카드 유무, 복지카드 등록일, 장애등급, 중복장애 유무 및 등급, 가정환경, 대상자 서비스 지원 일지 및 평가서 등",준비물,val
야간에는 전조등을 켜거나 발광장치 착용,준비물,val
입학생 부모님과 귀가,기타,test
"- 수강을 취소할 경우 : 과목 선택해제 후 ""응답회수"" 클릭 방과후 온라인 신청 시 궁금한 사항은 (선착순 접수 시작일: 5/28, 토, 10시) - 종합방과후 코디실방과후지원실 02)2699-4785(내선829) - 각 강좌문의 는 해당 강사님께 문의해주세요.",제출,train
"문진표 작성시간 및 병원 점심시간, 휴일, 휴게시간 등을 고려하여 방문하시기 바랍니다.",기타,train
예 / 아니오 4. 자녀가 예방접종 후 급성 중증 이상반응 발생 여부 관찰 등을 위하여 접종 후 20~30분간 접종 기관에 머무를 수 있도록 반드시 사전에 알려주십시오.,건강·안전,train
"돌봄반이름, 참여 안함, 여름방학 중 돌봄교실 참여함, 등교시간, 하교시간, 하교방법, 개인 도시락, 매식, 개인체험학습일",준비물,train
월화수목금 한국인에게 알레르기를 유발할 수 있는 식품 19종을 표시하오니 학생 체질에 맞게 먹을 수 있도록 지도하여 주시기 바랍니다.,건강·안전,train
"자세한 평가계획은 아래를 확인하시기 바라며, 평가시기는 교육상황에 따라 변경될 수 있으므로 참고하시기 바랍니다.",기타,train
학부모 회원 가입 신청서를 3월 28일까지 제출해 주시기 바랍니다.,제출,train
학교 교직원 또는 재학생을 만나면 예의를 표한다.,기타,train
여름방학식 변경: 2026년 7월 27일(월) → 2026년 7월 28일(화),일정,train
11월 7일 ~ 9일 유선 신청 기간(선착순),일정,train
1. 일 시 : 2022년 9월 29일 목요일 09:00 ~ 14:30,일정,val
"교육비 납부방법: 신용카드납부, 스쿨뱅킹 자동이체",비용,train
보호자 미동반 시 보호자가 사전에 접종 시행 동의서 및 예진표를 작성하고 접종대상자가 접종 당일 의료기관에 제출,제출,train
지원서 마감일 2021.11.19 이후 전학자는 전학 전 학교에서 전형 진행,일정,test
폐휴대폰 수거 기간: 9. 4.(월) ~ 9. 8.(금) 중 희망 기간,일정,train
Step 1: 약관 동의,기타,train
"급식비: 4,323원",비용,train
학교 자체 급식일에는 비용이 발생하지 않습니다.,비용,train
심리적 어려움이 있으면 정신건강복지센터(1577-0199)에 전화하세요.,기타,train
준비사항: 줌 화상수업용 태블릿 및 스마트폰 1대와 실습용 노트북 또는 PC 1대,준비물,train
"수강료 12주(55회) 233,200원 교재비 39,000원",비용,test
출품자 (3.5cmx4.5cm) 교원 출품 에너지 지구 및 환경 내용 A4 1매,기타,test
3. 부득이하게 일찍 등교하는 학생들은 모듈러 1층 도서관/상담실에서 대기합니다.,기타,train
고위험군이거나 위험군과 접촉하는 경우 마스크를 착용하세요.,준비물,train
온열 질환 예방을 위해 물을 충분히 마시게 해주세요.,건강·안전,train
"박연식010-3167-8644 대면(비대면 가능) B 3-6 14:40~16:20 프로그램 소개 반명 학년 시 간 학습내용 수강료및 교재비 교재명/교재비 Starter 1-2 월,금 13:00~13:40(40분) 노래와 챈트로 배우는 Phonics파닉스와 사이트워드를 기초로 한 읽기주제별 어휘학습과 이를 활용한 ActivityA 수강료 193,230원12주(57회)교재비16,0원~65,600원( 수준별상이 ) Jungle Phonics 1 Jungle Phonics 2 Hang Out Starter 하루 한장 English BITE 알파벳쓰기 화,수,목 13:40~14:20(40분) A 2-3 월,금 13:50~14:30(40분) 기본 음가와 파닉스 마무리 완성하기파닉스에 근거한 리딩으로 연계하는 학습 주제별 어휘와 기초회화를 활용한 Activity Jungle Phonics 2Jungle Phonics 3Big Show 1하루 한장 English BITE 초등 화,수,목 14:30~15:10(40분) B 3-5 월,금 14:40~15:30(50분) 초등 기본 영어회화 학습영어 문장의 토대를 세우는 기초 문법다양한 어휘력 향상 수강료 241,680원12주(57회)교재비16,0원~65,600원( 수준별상이 ) Reading Future Dream 1 Guided Writing 1Big Show 2 하루 한장 English BITE 초등 화,수,목 15:20~16:10(50분) C 3-6 월,금 15:40~16:30(50분) 초등 중급 영어회화 학습 독해를 통한 문법/ 듣기/ 말하기의 연계 학습영어적 사고로 자연스럽게 확장 Reading Future Discover 1Grammar Galaxy 1Hang Out 3하루 한장 English BITE 초등 화,수,목 16:20~17:10(50분) 강 사 소 개원어민 강사 Native Teacher.",비용,train
상담 진행: 11. 1.(월) ~12. 31.(금) 10회기 내외 (일정 변경될 수 있음),일정,train
"3일 이내 PCR 검사 또는 전문가용 신속항원검사, 음성시 6~7일차에 신속항원검사를 권고합니다.",건강·안전,val
3. 수강료 납부 : 2021년 12월 9일(목) ~ 12월 14일(화)까지 스쿨뱅킹 자동이체 또는 신용카드 납부 납부기한 내 스쿨뱅킹 통장으로 입금하시면 자동 납부 처리되오니 통장 잔액 꼭 확인 부탁드립니다. 신용카드 납부 관련 사항은 행정실로 문의하시기 바랍니다.,비용,val
보조 배터리 지참을 금지합니다.,준비물,train
선별진료소 방문일 및 결과 기록-진료소명: -방문일:-결과기록:,건강·안전,train
문자 신청 예시: 검단초 학년 반 번 ( )부 ( )반 신청합니다,제출,train
본관: 중앙현관 1개 개방(열화상카메라 설치로 발열체크),건강·안전,train
미끄러운 눈길을 걸을 때에는 주머니에 손을 넣지 말고 보온 장갑을 착용한다.,준비물,train
"담임 교사를 믿고 협조해 주시고, 담임 교사 조치 후 자녀의 상황을 유심히 관찰해 주세요.",기타,train
초등 통합 안전(1~2학년): 지학사 온라인 주문(www.jihak.co.kr/tb/book/order_guide.asp) 구입문의 02-330-5303,기타,train
지진 대피 훈련이 5월 21일(수) 10시에 실시됩니다.,건강·안전,train
위원님 기피에 대해 찬성하시는 분은 손을 들어 주시기 바랍니다.,기타,train
1. 코로나19 예방접종 전에 접종대상자의 예방접종 내역을 코로나19 예방접종관리시스템으로 사전 확인하는 것에 동의합니다.,건강·안전,test
"코로나바이러스감염증-19(이하 코로나19) 예방접종 안내 및 예방접종 후에 발생 가능한 이상반응에 대한 정보를 충분히 제공받았으며, 의사의 예진결과에 따른 예방접종을 받겠습니다.",건강·안전,train
의사의 진찰결과와 이상반응에 대한 설명을 듣고 예방접종을 하겠습니다.,건강·안전,train
"특별한 결격사유가 없는 한 학부모님들은 누구나 운영위원 후보가 될 수 있으며, 학교운영위원이 되면 학교운영과 관련된 중요한 의사결정에 참여하는 등 교육 전반에 대한 동반자적 역할을 수행할 수 있습니다.",기타,train
지원 기간: 2021.11.15(월)~11.19(금) 18:00까지,일정,train
"2. 수집항목: 학년 반 번호, 학생 성명, 보호자 성명",기타,train
50% 미만 출석 시 다음 분기 지원이 중지될 수 있습니다.,기타,train
2023. 1. 27.(금)~ 2023. 2. 3.(금) 추가 모집사전 방문,일정,test
실제로 자를 이용해서 길이를 재는 문제기 때문에 반드시 자를 준비하도록 함.,준비물,train
장갑과 목도리 등 방한용품을 착용시켜 주세요.,준비물,train
"아울러, 학생들이 방과 후 또는 주말에 자전거를 탈 경우에도 '안전모 착용'과 같은 안전 수칙을 꼭 지킬 수 있도록 지도하여 주시기 바랍니다.",준비물,train
일시: 2025년 10월 22일(수) 14:30~16:30,일정,train
스케치북과 색연필을 가져오시기 바랍니다.,준비물,train
기타 수업에 지장이 있어 배려가 필요한 경우가 있습니까? 예 아니오 ( 표시) 질병명 : 현재 상태 및 학교생활에서 주의사항 :,건강·안전,train
교육비 지원 신청은 주민센터에서 하실 수 있습니다.,비용,train
동일 전형기간의 영재교육기관에는 이중 지원이 불가함 (이중 지원 확인 시 지원 취소 또는 합격이 취소됨),일정,val
극소량만 먹어도 위험 익혀먹을 경우 먹어도 된다 음식에 섞여 있는 경우 골라내고 먹을 수 있다. 조금은 먹어도 된다.5. 식품알레르기 관련 영양 상담을 영양교사에게 받기를 희망합니까?,건강·안전,train
"사회적 배려대상자: 기초생활, 차상위 계층, 장애인은 단말기 구매 후 증빙서류 제출 시 월 이용료 무료 지원 가능",비용,train
"2. 사회다양성 전형 사회다양성전형의 필수 요건 요 건 건강보험료, 재산세 납부 금액은 부모( 이혼한 경우 친부 및 친모) 모두 확인 합산 가구원수별 건강보험료 및 재산세 납부 금액이 아래 기준표 해당 금액 이하인 가구 혼합(작장 지역가입자): 부 또는 모 중 1명은 직장가입자이며, 1명은 지역가입자인 경우 부모가 납부한 건강보험료 본인부담금 합산 (가구원수별 중위소득 160%이하 건강보험료 본인부담금 및 재산세 납부금액 기준표) (단위:원) 출처:""2021 건강보험료 소득판정기준표""(보건복지부, '20.12.) 및 서울특별시 가구원수별 소득에 따른 재산세납부금액 건강보험료 본인 부담금 산정( 노인장기요양보험료 제외) 재산세 납입금: 전국에 소유한 모든 주택(아파트)에 대한 납부금액을 합산한 금액이며, 토지, 상가 등에 대한 재산세는 미포함 사회다양성 1순위 대상자 ""다문화가족지원법""제2조제1호 및 제14조의2에 따른 다문화가정의 자녀 (예시) 결혼이민자(국적법에 따른 귀화허가를 받은 자를 포함)와 출생 시부터 대한민국 국적을 취득한 자로 이루어진 가정 다문화가정이 이혼 등의 사유로 해체된 경우에도 그 구성원이었던 자녀에 대하여 지원 자격을 인정함 결혼 이전에 외국 국적을 가진 친부(모)가 한국 국적을 포기한 사실이 있는 경우 지원 자격을 인정하지 않음 ""북한이탈주민의 보호 및 정착지원에 관한 법률""제2조 제1호에 따른 북한이탈 주민 또는 그 자녀 ""장애인 등에 대한 특수교육법""제15조제1항에 따른 특수교육대상자 지원 당시 ""관할 교육지원청 특수교육운영위원회""에서 특수교육대상자로 선정된 자 ""도서ㆍ벽지 교육진흥법""제2조에 따른 도서ㆍ벽지의 거주자로서 도서ㆍ벽지의 중학교 졸업(예정)자 ""아동복지법""제3조 제10호에 따른 아동복지시설에서 보호받는 아동 소년ㆍ소녀 가장, 조손가정 자녀 ""장애인복지법""제2조에 따른 장애정도가 심한 자의 자녀 순직군경, 순직공무원, 순직교원의 자녀 사회다양성 2순위 대상자 ""한부모가족지원법""제4조 제2호에 따른 자녀(한부모가정 자녀) 이혼으로 인한 '한부모가족 자녀'의 경우에도 친부 친모의 건강보험료, 재산세 납부금액(연간)을 모두 확인 합산하여 지원 자격에 맞는 적격자 추천 다자녀가정(3자녀 이상) 자녀 자녀 모두 지원 가능(지원 가능 자녀 수 제한 없음) 특수직업 종사자 자녀 - 환경미화원 자녀(시 도 또는 군 구에서 채용하여 재직 중인 환경미화원) - 군인(15년 이상 재직 중인 준부사관 이하) 자녀 - 경찰 해양경찰(15년 이상 재직 중인 경위 이하) 자녀 - 소방공무원(15년 이상 재직 중인 소방위 이하) 자녀 기타 : 학교별 사회다양성전형 대상자로 제도 도입의 원칙과 기준을 고려한 유형 중 교육감이 승인한 자 대상자 추천 및 선발 대상자 추천 및 선발 학교에서의 사회통합전형 대상자 추천 1 단계 2 단계 3 단계 4 단계 GED에서 사회통합자 전형으로 지원(관련서류 제출)관련 서류담임 확인학교추천위원회 심의학교장 확인서 발급 및 추천관련서류 제출2021.11.29.(월)까지 추천 절차 기회균등전형 대상자 증명서(확인서)를 제출한 경우 3 단계 심의 제외 가능 1단계 사회통합전형 지원신청서 제출 - 학생 및 학부모는 지원 유형, 제출 서류 기입, 지원 자격 및 증빙 서류에 허위가 없음을 확인하는 서명을 한 후 제출 (서식1) 2단계 관련 서류 담임 확인 - 담임 교사는 제출 서류를 확인하여 지원 자격 여부 확인 3단계 학교추천위원회 심의 - (구성) 교감 포함하여 4~8명으로 구성(위원장은 교감, 위원 중 1명을 간사로 임명하여 실무 총괄) - (심의 사항) 사회통합전형자의 지원서 내용 및 증빙 서류의 적합성 여부, 사회통합전형 대상자로 적합한지 여부 대상 학생 학부모의 개인정보 및 심사 서류 내용 등은 철저히 보안에 유의 4단계 학교장 확인서 발급 - 학교추천위원회의 심의를 통과한 학생에 대하여 학교장 확인서(서식2) 발급 사회통합전형 서류는 학교에서 확인 후 해당 영재교육원(교육지원청, 단위학교 영재교육원 운영학교, 과학전시관 등)으로 2021.11.29.(월)까지 직송 참고 자료 1가구원수 건강보험료 산정 방법 가구원 수 산정 시 유의사항 세대별 주민등록표에 기재된 자로서 해당 학생과 생계 및 주거를 같이하는 부모 및 2촌 이내의 형제 자매 (외)조부, (외)조모 제외 가족관계증명서상 부 모 또는 미혼인 형제 자매는 주민등록을 달리하더라도 가구원에 포함 기혼인 형제 자매의 경우 주민등록을 같이 하는 경우 포함( 최소 원서 접수 6개월 전부터 주민등록을 같이 하는 경우).",비용,train
"""옷소매로 가려요"" 기침 예절 지키기 - 기침이나 재채기를 할 때는 옷소매나 휴지로 입과 코를 가려주세요.",건강·안전,train
"전형료: 40,000원",비용,train
"등교중지 기간 통상적으로 확진일, 격리결정일로부터 14일간 (보건당국의 지시에 따라 변경될 수 있음)",건강·안전,val
"인플루엔자 의심 증상 시, 신속한 진료와 등교(등원) 자제 - 자녀가 38 이상의 발열, 기침, 인후통 등 인플루엔자 의심 증상을 보이면 등교(등원)를 자제하고 가까운 의료기관에서 적절한 진료를 받습니다.",건강·안전,train
"개인물품 사용, 공동 시설 물품은 자주 소독",건강·안전,train
"중복지원, 중복합격 및 중복등록 등의 규정을 위반하는 경우 합격이 취소됨2. 2022학년도 초6 수학, 과학과정 분야의 경우 연계과정으로 현재 영재교육원에 재학 중인 영재교육수료예정자만 지원(2021학년도 수학 5학년, 과학 5학년 수료예정자) 가능합니다.",제출,val
작성 기간: 2024. 3. 25.(월) ~ 3. 29.(금) 학생지원 기간에 GED에서 직접 작성,일정,val
교육청 교원 행동강령을 안내드립니다.,기타,train
학생(자녀)의 인터넷 스마트폰 사용시 중독 증상(과도한 사용시간 등)을 주의한다.,건강·안전,test
방학은 7월 25일(금)부터 8월 17일(일)까지입니다.,일정,train
사회통합대상자 지원 제출 서류 : 학교에서는 서류 원본을 미래산업과학고등학교 영재교육원(체육관 1층)으로 2021.11.29.(월)까지 직송,제출,train
현장체험학습 동의서 및 비용 납부를 4월 30일까지 완료해 주세요.,제출,train
"바쁜 아침시간에, 특히 맞벌이 가정에서는 여건상 어려움이 많으시겠지만, 자녀들의 안전 등하교를 위해 학부모님들이 기쁜 마음으로 봉사에 참여해 주시리라 믿습니다.",기타,train
"수강료 납부기간: 2022년 9월 19일(월) ~ 9월 22일(목), 스쿨뱅킹 출금 예정, 스쿨뱅킹 자동이체 또는 신용카드 납부",비용,train
"""꿈을 키우며 함께 성장하는 학교""풍덕 통신개인정보 수집 이용 및 제3자 제공 동의서 제출 안내담당자교 무 부교무실261-0052(113)2021-9호FAX261-0055 안녕하십니까?",제출,train
3기 수강신청 기간: 2026. 6. 19.(금) 20:00 ~ 6. 22.(월) 23:00,일정,train
B반 매주 토요일 10:30 ~ 12:10,일정,train
"상시 자녀 교통안전 교육 실시: 횡단보도, 교통신호 준수하기, 걸을 때 휴대폰 이어폰 사용하지 않기(위험 상황에 대처하기 어려움), 차량 탑승 시 반드시 안전띠 착용",준비물,train
"2. 대상: 3 4학년 15명, 5 6학년 15명",기타,train
신청기간: 10월 30일 (수요일) ~11월 4일 (월요일),일정,val
"선천성 질병, 만성질환, 희귀질환 등으로 현재 관리가 필요하거나 정기검사 또는 치료중인 경우 (예: 암, 뇌전증, 가와사키병, 심장질환, 고혈압, 당뇨, 신장질환 등) 해당하는 곳에 표시하고, 해당내용이 있는 경우 적어주세요.",건강·안전,train
기간 6: 2학기 중 전문가 온라인 특강 수강 기회 제공 - 2학기 수강신청자 무료 제공,일정,train
등교 전 대응: 등교 전 가정에서 자가진단앱(유증상/확진/밀접접촉 등) 참여하기,건강·안전,test
e학습터 화상수업에 참여하는 자녀의 원격수업 참관,기타,test
개인위생 철저 및 각종 안전사고가 발생하지 않도록 유의,건강·안전,train
신청 기간: 2026. 4. 28.(화) ~ 5. 8.(금) 선착순 마감,일정,train
"2차전형: 70,000원",비용,test
서부외국문화학습관 교육/강좌 교육/강좌명 선택하여 접수하기,제출,train
부모가 자녀를 사랑하고 있다는 확신을 심어주기,기타,val
방과후학교 프로그램 일정 변경을 안내드립니다.,기타,val
2. 장소 : 일산 아쿠아플라넷(경기도 고양시 일산서구 대화동 한류월드로 282),기타,train
"A 2-3(20명) 13:40~14:20(40분) 14:30~15:10(40분) 수강료 12주(55회) 186,450원 교재비 37,000원",비용,val
학생생활기록부: 소속 학교 행정실에서 발급,기타,train
"2. 코로나19 예방접종의 다음 접종 및 완료 여부에 관한 정보, 코로나19 예방접종 후 이상반응 발생 여부와 관련된 문자 등을 수신하는 것에 동의합니다.",건강·안전,train
신청기간: 2023. 7. 17. (화) 14:00 까지,일정,test
4. 총회소집은 7일 전에 그 회의 목적사항을 기재한 소집안내문 발송 등을 통해 알려야 한다.,제출,train
운영 기간: 2022.7.21.(목) ~ 8.23.(화),일정,val
궁금한 사항은 담임선생님께 문의해 주세요.,기타,train
재량휴업일 돌봄교실 참여를 희망하시는 학부모님께서는 안내 사항을 참고하시어 4월 20일(월)까지 재량휴업일 돌봄교실 참여 수요조사서를 제출해주십시오.,제출,train
"카메라 시점전환을 이용하여 포털기능을 구 5 재미있는 보물찾기 게임 만들기 변수에 대해 알아보기 인덱스문 사용하기 정보창 선택창 사용하기 나만의 보물찾기 게임을 만들어보기 강좌명 코딩으로 만드는 앱 지도강사 노 혜 영 강의대상 초등 고학년 강의기간 2022.2.7.~ 2022.3.12. (주1일 100분, 5주) 강의일시 A반 매주 월요일 16:30 ~ 18:10 교육목표 나도 앱 만들 수 있다.",일정,train
교육활동에 항상 관심 가져주셔서 감사합니다.,기타,train
4. 미동의 시 불이익 사항 : 학교급식 모니터링 활동에 참여하실 수 없습니다.,기타,val
도서관 이용 시 지정된 좌석을 사용해 주시기 바랍니다.,기타,train
"현장학습 버스비 10,000원을 3월 25일까지 납부해 주세요.",비용,train
8GB 이상 RAM.,기타,test
1인 1기 운동 (줄넘기 등),기타,train
"졸업앨범 구매 희망 여부를 정확히 표시하여 신청서를 담임 선생님께 제출해 주시고, 구매를 희망하시면 졸업앨범 대금을 스쿨뱅킹 계좌로 기일 내에 납입하여 주시기 바랍니다.",제출,train
"투표 및 개표(2023년 3월 22일): 투표용지를 수령한 후 직접투표, 학부모 참관인이 임석한 가운데 개표",일정,test
학교폭력 사안 발생 시 담임교사 또는 생활안전부장에게 즉시 신고해 주세요.,기타,train
"입금 확인 후 단말기 발송.) 참고사항 아이알리미 서비스 이용금액 결제는 이용료를 선결제하는 것이며, 추후 해지 사유 발생 시 환불 요청 주시면 1년 요금제의 경우 서비스 신청 후 12개월 내, 사용 금액을 제외한 후 일할계산 되어 환불 됩니다.",비용,train
"디지털 성폭력(불법촬영, 딥페이크, 온라인 그루밍 등) 대응 예방을 위한 공감과 소통을 이끌고, 학교 예방 교육으로 활용할 수 있는 콘텐츠 제출",제출,train
대기실에서 본인 순서가 되면 원하는 강좌 접수중 클릭,제출,train
안전한 학교생활을 위해 교내 금지 물품을 반입하지 말아 주세요.,건강·안전,val
학생은 수업 중에 휴대전화를 사용해서는 안 된다.,기타,train
접수기간 외에는 온라인에서 수강취소가 되지 않습니다. 상담시간 평일 13:00~16:30,제출,test
세계 여러 국가 퍼즐 찾기 후 관련 도서 읽기 - 퍼즐 완성 후 내가 가보고 싶은 나라 고르기 - 내가 고른 국가와 관련된 책 읽고 느낀 점 작성하기,기타,train
이 캠프에 참여를 희망하는 학생은 다음의 안내를 참고하여 12월 3일(금)까지 학교종이로 신청해 주시기 바랍니다.,제출,train
"단톡방에서 친구를 성적 희롱하는 대화, 불법 촬영물을 주고 받는 모습을 보았다면 '장난이 아니라 폭력이야', '이건 처벌 받을 수 있는 범죄'라고 알려주세요.",기타,test
"전형 기간이 다른 타 영재교육기관(대학부설영재교육원, 경기도교육청미래과학교육원, 영재학급 등)에 원서를 제출하였으나 합격자 발표가 나지 않은 경우, 지원은 할 수 있으나 이후 타 영재교육기관에 합격이 된 경우 즉시 영재교육원 지원을 포기하여야 함",제출,train
- 학 생 : 동의 미동의- 보호자 : 동의 미동의,기타,train
과거에 예방접종 후 이상반응이 생긴 일이 있습니까?,건강·안전,train
"동물이 질병 또는 부상당한 경우, 신속하게 치료 및 필요한 조치",건강·안전,train
"따라서 수업 및 상담 장면의 무단 녹음 촬영은 삼가 주시고, 녹음 촬영이 필요한 경우에는 사전에 취지를 알리고 협의해 주시기 바랍니다.",기타,test
