일자,언론사,제목,통합 분류1,키워드,특성추출
1999-01-01,경향신문,현실비평연구소 소장 조권섭 -그의 무기는 '독설' 타깃은 '건축판',문화-미술_건축,"조권섭,현실,비평,연구소,소장,무기,독설,타깃,건축판,조권섭씨,ㅈ타,공인,건축판,게릴,유명건축,표절시비,신격화,김수근,김중업,작품,비판,한국건축,외국건축,씨받이,독설,북가좌동,서울,마련,현실비평연구소,거점,게릴라,활동,비평건축,무크지,칼날,4회,비평상공모전,비평,불모지,건축,활력,학연,기업중심,건축,폐쇄,제도,대항,능력,신인,배출,청년,작가,실험전,건축,운동,도화선,8월,시작,한국,대표,건축,답사,건축문화,그간,한국건축문화,의미,안팎,화제,잠시,싸움,취미,국어사전,정의,건축,의미,건축,노가다문화,전락,일조,건수,개정운동,건축현장,자연,사용,일본식,용어,추방,목소리,시작,건축문패,운동,건축문화,여기저기,운운,한국,건축,짓들,선정,작품,건축,자격,미달,건축,다각적,안목,41인,문화,사람,동의,역사적,가치,문패,문패,계동,서울,종로구,자리,중앙,고등학교,본관,박동진,일제,말기,건축가,작품,적벽돌,일제기와,일본양식,반발,고딕양식,석조건축,설계,문화,자주,건축문화,당국,공식적,행사추진위원회,대항,구상,독감,조권섭,현실,비평,연구소,소장,무기,독설,타깃,건축판","서울,한국,조권섭,현실비평연구소,건축판,실험전,건축가,한국건축,건축문화,종로구,박동진,41인,불모지,행사추진위원회,일본식,신격화,비평상공모전,4회,기업중심,일본양식,김수근,고딕양식,비평상,일제기와,개정운동,국어사전,위원회,일본,유명건축,게릴,고등학교"
1999-01-06,세계일보,문화산업 인프라 구축 총력한다,IT_과학-인터넷_SNS,"문화,산업,인프라,구축,총력,문화,산업,인프라,구축,총력,문화산업,인프라구축,문화예술계,화두,문화관광부,구축,첨단,문화,산업,콤플렉스,종합영상센터조성,건립,애니메이션,지원,센터,문화,산업,인프라,구축,계획,문화예술계,관심,문화부,문화,산업,시설,구축,2003년,2천,투자,첨단,산업,콤플렉스,조성,첨단,산업,분야,연구개발,교육,센터,역할,테크노마트,서울,광역,멀티플렉스,건립,체인,구축,3백,투입,1개,관당,신설,비용,최소,1백억,최대,50%,수출입,은행,차관,JEXIM,지원,방침,영화,애니메이션,창업,신설업체,지원,첨단,영상,장비,구입,병행,1백억,투입,문화부,게임개발,경영,해외수출,게임산업진흥,체계적,지원체제구축,게임종합지원센터,설립,1월,구성,운영,기구,법인,입주건물,선정,계획,게임종합지원센터,벤처업체들,6월,입주,11월,공동제작,정보,지원,서비스여건,조성,계획,센터,첨단,제작,기자재,설치,제작,지원,교육,교육,게임,정보,수집,상설마켓운영,수출,지원,게임,업체,입주,경영컨설팅,역할,조성,종합영상지원센터,3차,영상산업인프라,영상체험센터조성,애니메이션,지원,센터,건립,추진,방침,애니메이션지원센터,구입,첨단,애니메이션,제작,장비,만화,창작,공간,조성,자료,종합,정보,센터,역할,기초,공사,파주,출판문화,정보,산업,단지,공사,착수,2002년,준공,전시,공연,복합문화공간,조성,출판단지,문화적,강화,목적,출판문화정보센터,올해중,기본,실시설계,토목,공사,기초,건축,공사,계획,춘천,만화,이미지,정보,센터,2001년,사업,추진,문화,산업,진흥,재원,1백,2백,4백,예산,반영,2003년,5천억,문화산업진흥기금,조성,계획,차관,일본,수출입,은행,2억,달러,문화산업분야,활용,權五文,Contact,towebmaster,segyetimes.co.krfor,information","애니메이션지원센터,문화산업,문화부,1백억,일본,파주,춘천,출판문화,문화예술계,게임종합지원센터,towebmaster,權五文,4백,실시설계,관당"
1999-01-20,중부매일,악수는 정중하게,사회-여성,"악수,익수,기장,보편,인사법중,이젠,악수,사항,유의,시선,상대방,양손,한쪽,몸올,바지주머니,상대,무시,행위,남성,여성,악수,여성,문화,시민운동,추진협,제공","바지주머니,인사법중,인사법,시민운동,추진협,몸올,이젠,익수,악수,기장,제공,한쪽,여성,주머니,상대,바지,무시,시선,상대방,행위,유의,보편,문화,양손,남성,사항"
1999-01-21,부산일보,(강습)사하독서문화원...,문화-생활,"사하독서문화원,강습,사하독서문화원,사하독서문화원,NIE,신문활용,전문가반,초등,중등논술지도,체험,해부,실험,교실,한국방송아카데미,아나운서,리포터무료특강,25~27일,11~12시,부산,연수실,동구,초량,국제오피스텔,영도구종합사회복지관,정기프로그램,홈패션,옷수선,헤어미,용사,자격증,주부,피아노,교실,생활,한복,교실,YMCA부산진구청소년수련실,현장체험학습프로그램,늪기행,역사기행,26일,이틀간,초등학생,대상,3114~6,한국교육연구원,패러다임,논술,창의력,수행,평가,대비,무료,특강,22일,11시,부산,자유회관,부산진구,초읍동,자유,회관,부산종합사회복지관,여성직업훈련프로그램,생활한복반,미용취미반,옷수선,홈패션,양재,용사,자격증,미용,취미반,부산YWCA일,여성의집,정기프로그램,피부관리사,발관리사,선물,포장,생활,도자기,칼라믹스,패치워크,퀼트,아메리칸,인형,스텐실,톨페인팅,포크아트,십자수,리본자수,치매환자,일반환자,파견,시간제,이용,가능,사하사랑부산여성회,재취업강좌,목요일,10시,구인구직정보,상담,부산사회체육센터,노인교육지도자,특별연수프로그램,28~29일,10시,4시,노인교육,실기프로그램,8288~9,죽로다문화원,다도교실,차생활,초보자,다도교실,화요일,11시,3개월,차인,초발심자경문,25~29일,2시,동래종합사회복지관,2월,프로그램,복어조리,실기,제과,중식,조리사,한식,조리사,제빵,미용,교실,분식,먹거리창업,분식면류,특강,부산평생교육문화센터,시민강좌,2월,개강,기초영어,한자,선요,남광종합사회복지관,아동강좌,1월말,개강,종이,풍물,만판,교사들,겨울특강,25일,개강,꼬깔소고춤,작은도서관,부산시협회,자녀독서지도과정,2월,개강,목요일,10시,시민독서문화원,신문활용지도자과정,2월,개강,금요일,12시,장선종합사회복지관,아동교실,학습교실,피아노,영어,그림,한글,교실,수강자,모집,자원,봉사자,수시,국악연구회,단소강습회,25일,개강,단소기초,반송종합사회복지관,교양강좌,한복교실,8006~10,부산시,자원,봉사,센터,외국어강좌,영어,일어회화,9905~7,용호종합사회복지관,교양,강좌,2월,개강,한자교육연구원,한자교실,2월,개강,기초생활,두송종합사회복지관,교양강좌,커튼침구,소품,가족머리손질,무료,한글,교실,무료,파출,알선,후원자,모집,기쁨","부산,옷수선,국제오피스텔,동구,지도자,수강자,사하독서문화원,발관리사,조리사,이틀간,십자수,칼라믹스,부산시,정기프로그램,다도교실,양재,부산진구,교양강좌,자격증,홈패션,목요일,부산진구청소년수련실,신문활용,여성의집,작은도서관,부산시협회"
1999-02-04,부산일보,(모집),지역-대전,"모집,모집,두송종합사회복지관,실직자,겨울나기,지원,대상자,사하구,거주,실직,세대주,대상,10일,접수,설맞이,떡국,후원자,운봉종합사회복지관,장애인,탁구지도,예체능,교실,영세,아동,탁구,지도,자원봉사자,강사,어린이,속셈,교실,2431~2,애광주간보호시설,거동불편,60세,노인,재활운동,물리치료,서비스,풍물,놀이새,사물놀이,무용,단소,피리,강습,한국다도협회,다문화,대학원,제4기,신입생,부산여대,전통다도,이수자,기관,대상,사범,자격,소지자,3월,등록,봉생사회복지회,독거노인,가정봉사원,후원자,5151~2,남구도서관,교양,취미강좌,수강생,한문대학,일본어,종이,수강료,4개월,1만,컴퓨터강좌,3개월,2만,노인종합복지관,도서실,자원봉사자,아기돌,고령자,부업,직종,수강생,수강료,무료,1872~4,남구종합사회복지관,자원봉사자,후원자,3655~6,동서대학교,사회,교육원,교양교육과정,전문,교육,부업,교육,수강생,3월,접수,1270~2,영진종합사회복지관,한글교실,자원봉사자,장선종합사회복지관,물품,기증자,냉장고,후원자,7007~9,모라종합사회복지관,결연,사업비,후원자,무료,야간,워드,프로세서,자격증반,수강,금정도서관,상반기,교양,강좌,수강,자녀독서지도,서예,노래,수강료,7157~9,기러기문화원,주부,고등학교,검정고시,회원,한글학교,기초반,회원","후원자,수강생,수강료,자원봉사자,봉사자,1만,3개월,대상자,고령자,자격증반,한국다도협회,놀이새,동서대학교,60세,2만,4개월,부산여대,전통다도,신입생,제4기,물리치료,거동불편,두송종합사회복지관,대학원,애광,고등학교,이수자"
1999-02-11,세계일보,한자병용 찬반 논란 뜨겁다,사회-교육_시험,"논란,한자,병용,찬반,한자,병용,찬반,논란,문화,관광부,전격,한자병용,찬반공방,정부부처,어문단체,학계,찬성,반대,주장,논쟁,가열,문화부,한자병용안,전통문화발전,국제교류활성화,관광진흥,공문서,도로표지판,한자,병기,교육부,행정자치부,건설교통부,협의,인명,명칭,지명,역사,한자,병기,1천,교육,한자,사용빈도,재조정,교육부,입장,교육부,재정,1천,교육,한자,자중,2백,사용빈도,문화부,지적,국어연구소,문화부,산하,연구보고서,입수,실태조사,방침,검토,국어,연구소,보고서,실태,조사,결과,심의,대로,교육부,산하,한문,교과,심의회,1천,교육,한자,조정여부,결정,신중,반응,고교,국어,국사,교과서,한문,병기,만큼,교과서,한문,교육,체제,당장,변화,입장,한자교육실태,초등학교,69년,국어과목,한자,혼용,국어시간,한자,교육,위주,지적,중단,한문,정식,교육과정,편성,학교별,교장,재량,특별활동,방과,교육,활동,한자,중학교,교육,시행,72년,한문,필수과목,정규,교육,편성,교육과정,컴퓨터,환경,선택과목,98년,전국,36개,중학교,한문,중학교,선택과목,학교,2천,51개,90%정도,한문,압도적,학생들,컴퓨터,환경,과목,상대적,한문교사,교사수,선택,과목,한문,전자계산,1백,환경,전무,실정,고교,한문,과정필수과목,3년,6단위,편성,과목,학생,3년,정도,한자,교육,한자,표기,고교,국어,국사,사회과목,시인,詩人,호흡,呼吸,天地,천지,展開,전개,방식,한글,2002학년도,적용,교육,한문과목,교육과정,선택,수준,교육,변경,학생들,기초과정,한문,심화과정,한문고전,선택,단체,논쟁,해방이후,시작,한글전용,국한문,혼용,논쟁,한글학회,한국바른말연구원,한글,단체,집합체,한글문화단체,모임,元光鎬,원광호,수석,부회장,세계화,정보화,시대,문화부,한자병용,시대착오적,발상,회원,전국,총동원,저지,투쟁,단체,10일,세종로,정부,종합,청사,후문,대외종속,자초,어문정책,중단,선언문,문화관광부,방문,항의,전달,李應百,한국어,문회,이응백,이사장,국어어휘,70%정도,한자어,한자,도외시,이해,한자,고전,전통문화,이해,어려움,문화부,한자병용,환영,이사장,교과서,한글,한자,병기,혼용,池元善,Contact,towebmaster,segyetimes.co.krfor,information","문화부,교육과정,교육부,보고서,선택과목,중학교,한자병용,집합체,국어연구소,문화관광부,이사장,전통문화,실태조사,1천,李應百,관광부,학생들,2천,사용빈도"
1999-02-13,국제신문,(문화생활장터)… 모집,사회-교육_시험,"문화생활장터,모집,남구종합사회복지관,자원,봉사자,후원자,저소득,아동,노인,소년,소녀,가장,편부모,가정,봉사,몰운대종합사회복지관,프로그램,수강,종이,인터넷,교실,자원,봉사자,부산여대,다문화,대학원,다문화,대학원,신입,3월,수요일,강의,남구도서관,상반기,교양,취미강좌,수강,한문,일본어,종이,자녀글,컴퓨터,꽃꽂이,자녀,독서지도법,20일,접수,개강,장선종합사회복지관,한글,교실,수강,자원봉사자,중급반,수시모집,공창종합사회복지관,후원자,결식아동,후원,청소년,무료,급식,장학회,후원,애광재가노인복지관,후원자,독거노인,결식,노인,후원,현금,물품,금정구종합사회복지관,후원자,무의탁노인,내의지원,제공,설날,명절,음식,장선,자립,청소년,24세,주거이용,미만,무료,주거,이용,취업,알선,각종,직업,보도,프로그램,무료,수강,이용,기간,본인,희망,추가,연장,가능,한글,예지원,한글학교,주간반,10시,1시,야간반,7시,9시,선착순,20일,부산시립,시민,도서관,문화,학교,문화,학교,수강,일반시민,가능,26일,선착순,접수,서예,한문,동양,일본어,영어,꽃꽂,민요홈패션,수강료,무료,전통다도,부산여자대학,사회,교육원,전통,다도,수강생,주12시간,기간,교육과목,전통춤등,동다송,사군자,다화,전통자,전통,마감","수강생,후원자,선착순,일본어,자원봉사자,부산여자대학,봉사자,부산시립,장선,동다송,다화,꽃꽂이,편부모,꽃꽂,상반기,한글학교,예지원,남구종합사회복지관,취미강좌"
1999-02-18,국민일보,(인터뷰) 주비한국선교단체협의회장 황태연선교사,문화-종교,"주비,한국선교단체협의회장,황태연선,교사,필리핀,선교,단체,교단선교부,파송,4백,선교사들,활동,배우자,포함,평신도사역자,8백,마닐라,바기오,도시,중심,선교,지방,범위,확대,전문화,세분화,선교,필리핀선교,주필리핀한국선교단체협의회장,황태연,선교사,필리핀선교,교회지도자들,원활,교류,선교사,영성,자질,가톨릭정서,개신교,접근,전도,복음,필리핀,국민,정서,요청,파악,프로그램,적용,설명,협의회,차원,선교사들,배치,교류,한국,열정적,새벽기도운동,영성사역,접목,노력,황선교사,필리핀선교사들,이야기,성실,사역,필리핀,다문화권,영어,사용,회교,불교,종교,자리,선교사훈련,최적,나라,필리핀,오지,선교사들,긍정적,이젠,선교부,끼리,정보,공유,위주,공통,의견,예장고신,선교부,부족,대상,사역,결정,총신대,신학과,졸업,81년,필리핀,현지,대학원,공부,선교활동,황선교사,필리핀,경치,신앙,공동체,라브리,예수원,기도처,비전,기도중,마닐라,김무정","필리핀,선교사,선교부,필리핀선교,라브리,마닐라,선교사들,황선교사,주비,불교,평신,전문화,김무정,평신도사역자,신학과,한국선교단체협의회장,기도처,영성사역,협의회,총신대,가톨릭정서,세분화,이젠,다문화,대학원,예수원,8백,교단선교부,기도중,개신교,가톨릭,바기오,공동체,황태연선,지도자,예장고신,배우자,4백,선교활동,다문화권,황선,주필리핀한국선교단체협의회장,선교사훈련,한국,교회지도자들"
1999-03-16,중앙일보,(발언대) 대학 구조조정의 3원칙,사회-교육_시험,"대학,구조,조정,3원칙,21세기,지식,창출,공유,응용,국가경쟁력,좌우,사회,국경,사회,교육,보편화,창의적,지식기반,구축,등장,창의적,지식기반,원천,대학,대학교육,국가,장래,예견,척도,과언,세계,1만,2백,정도,대학,8천,대학생,우리나라,1백,4년,대학,포함,고등교육기관,2백,고등교육,양적,연령집단,동일,연령,집단,1위,진학,세계,1위,졸업,세계,인구,명당,2위,고등,교육인구,세계,세계,선두,교육경쟁력,교수,저술,편수,교육재정,부족,세계,수준,미흡,실정,대학발전기금,5조,대학,세계적,27개,대학들,모습,개혁,가속,대학,구조,조정,방법,대학,구조,조정,철학,구조조정,3R,긴축,retrenchment,감축,reduction,재배분,reallocation,원칙,대학,특성,전략,관치,구조,조정,특정대학,답습,모방,구조,조정,인원,기구,감축,위주,구조조정,대학,효율성,경제원리,집착,교육기능,손상,시대,대학,직업양성소,훈련기능,강조,상아탑,요소,교육산업,요소,병존,인간개발,장래,대학,캠퍼스,중심,변모,재택,在宅,대학,사이버,대학,위주,대학교육,확대,강의실,교수,강의실,캠퍼스,대학,확대,도서관,CD롬,도서관,자리,국경,교육,국가,교육,일반화,세계,교육,시점,대학경쟁력,한마디,창의,다문화,다인종,다기능,세계,한국인,양성,정보,활용,정보문화인,양성,고등학교,졸업,대학진학,의식,인기학과,일류대학,사고,평균연령,미국,대학,평균,연령,28.4세,주목,대학,구조,조정,학습,대학,학습체제,평생,대학,학습,체제,마련,공부,졸업,학사운영,중점,양질,교육,교수,자질향상,초점,산학연,産學硏,협동,강화해,현장,즉시,즉시,교육,전제,세계,대학들,협력,경쟁력,염두,구조조정,학사개혁,대학학습혁명,사무총장,이현정,한국대학교육협의회,사무,총장","경쟁력,구조조정,1위,도서관,2백,미국,대학생,한국대학교육협의회,이현정,강의실,2위,한국인,대학들,산학연,産學硏,훈련기능,양성소,경제원리,강화해,재배분,인간개발,인기학과,일류대학"
1999-03-22,서울신문,(대한광장)자장면의 정치철학,문화-요리_여행,"자장면,정치철학,대중음식,자장면,중국,서양,한국,고유,음식,민족주의자,자장면,음식,배격,자장면,화교음식,입맛,변화,음식,중국집,주방장,한국인,한국,라면업계,자장면,짜파게티,개량,자장면,미국,뉴욕,캘리포니아,진출,자장면,오늘날,중요,정치철학,터득,자장면,의식적,인위적,세월,손길,입질,무의식적,자연적,자장면,중국,인도,불교,토착화,독특,민족문화,외래문화들,재창조,한국문화,자장면,자연적,무의식적,발전,원리,외래문화,풍요,세계,시대,자연적,발전,탄생,자장면,문화적,이치,민족주의,히스테리,탈피,자장면,자연,대중,문화,발전,다문화주의적,多文化主義的,원리,중국,딤채,일본,고추,18세기,김치,재창조,한국,지식인,인위적,월권,옛날,다종교주의,전통,민족,다종교,전통,21세기,요구,검증,다문화,주의,저력,정보산업화,여파,제국주의,종식,오늘날,문화,제국주의,운운,애국,다문화주의적,저력,훼손,외자유치,해국,害國,행위,반외세주의,문화,일반,발전원리,대중적,자장면,정치철학,무지,표현,근대,문화,차원,정치,시민문화,민족문화,개인문화,분화,민족문화,개인문화,문화,비교,높낮이,독특,특수주의,지배,근대,인권선언,종교,개인,양심문제,개인문화,규정,정치,시민문화,근대민주주의,발전,민족문화,분화,형성,근대,보편적,가치,대변,각국,정치문화,경험적,비교,높낮이,정치,시민문화,고유,사안,인권,민주주의,민족문화,특수,논리,부인,보편주의,규범,가치,근대,정치,시민문화,민족문화,나머지,요소,독자적,발전,영어,공용어,싱가포르,아시아적,가치,운운,상황,민족문화,자연,독특,특색,자연환경,풍토,독특,취향,습관,풍속,풍류,쾌락,자연,발전,자연적,발전,민족,문화,특색,의식적,강조,인위적,추구,순간,민족문화,이데올로기적,왜곡,정치적,차원,민족,기치,세계주의,보편,가치,저항,히스테리,외국,문물,거부감,전쟁,탄생,국경,신성시,영토국가,세계시장,세계시민사회,출현,프런티어국가,세계화,시대,선진국,국민,이중국적,용인,다문화주의적,세계주의적,혼혈국민,민족문화,세계주의,문화,개방,외국문화,바탕,무의식,다문화,주의,저력,발휘,스스로,풍요,재창조,역사행정,자장면,정치철학,증거,교수,黃台淵,동국대,정치학","자장면,민족문화,한국,다문화주의적,재창조,세계주의,세계주의적,히스테리,중국,제국주의,세계화,외래문화,대중적,민주주의,동국대,黃台淵,중국집,개인문화,다문화,정치철학,해국,害國,신성,영토국가,싱가포르,프런티어국가,보편주의,외자유치,신성시,아시아적,일본,불교,토착화"
1999-03-22,국제신문,외국어 어렵지 않아요',문화-생활,"외국어,렉스코리아,쓰리,트르,꺄트르,16일,수영구,아파트,유아원,아이,초등학생,아이,엄마,아빠,노래,외국어,학원,수업시간,영어,러시아어,중국어,어른아이,가족들,노래,놀이,특이,분위기,렉스코리아,다문화,추구,사람들,모임,일본서,시작,단체,부산지부,렉스,코리아,부산,지부,2월,모임,신입회원,접수중,렉스,코리아,회원,사이,파티,모임,1주일,번씩,회원들,한자리,외국어,자리,각자자신,외국어,순서,외국,동요,놀이도중,한국말,조심,테이크,케어,키요츠게떼,땅신,각국,이날,모임,교대,부속,초등학교,이종석,영어,소개,초등학생,발음,자신,소개,엄마,자랑,영어,일본어,서미경씨,종석이,엄마,서미경,남들,영어공부,외국인,한마디,아이,렉스,가입,거리낌,외국어,렉스,가입,평소,아들,외국어,얘기,렉스,흐름,모임,리더격,펠로우,김정애씨,소개,렉스,코리아,아이들,나라,외국어,어린아이,외국어,도움,공부,개념,외국어,아기,환경,렉스,운영방침,렉스,외국어,영어,한국어,불어,독일어,중국어,일본어,스페인어,이태리어러,시아어,국어,평소,이야기,국어,테이프,언어,1주일,가량,모임,외국어,일종,배경,음악,역할,렉스,테이프,교재,평소,실력,렉스,교류,국가,홈스테이,4년,창원,렉스,회원,활동,일본,주부,간손님,경험,주부,한병혜,36,,수영구,남천동,렉스,가입,6개월,외국인,경험,4인,가족,회비","렉스,외국어,코리아,수영구,중국어,렉스코리아,1주일,외국인,일본어,회원들,홈스테이,일본서,이태리어러,종석이,아이들,테이크,키요츠게떼,땅신,꺄트르,한국말,각국"
1999-03-22,경향신문,-20세기의 얼굴-(11)영파워와 시민운동의 점화,문화-출판,"20세기,얼굴,영파워,시민운동,점화,알링톤,미국,버지니아,뉴지엄,미국,언론인들,학자들,세기,세계사,사건,응답,결과,필자,흥미,1968년,전후,세계,학생,운동,청년,반란,사건,포함,사실,사건,비틀즈,출현,정도,오늘날,미국,지식계,1960,,학생,운동,적극,가담,동조,진보적,사람들,주도적,위치,차지,사실,응답,결과,의외,느낌,세계,진동,청년,운동,흔적,사실,한편,역사,의미,방향,세기,세계사,청년운동,후진국형,선진국형,후진국,청년,운동,모델,러시아,인텔리겐치아형,외세,전제,지배,가난,기본인권,유린,세계,인텔리겐치아형,청년들,환경,자신,출신계급,불우,민중,대변,혁명가들,중국,5.4운동,이념적,민족주의,자유주의,표방,마르크스주의,이념,사회주,혁명,후진국,문제들,해결,유일,대안,듯이,생각,1917년,러시아혁명,1980년대,니카라,산디니스타,운동,세기,세계,청년운동,유형,선진국,청년,운동,우세,현상,1960.70년대,선진,산업,사회,신좌파,중심,전개,프랑스,혁명가,미국,일기예보자들,영국,여단,이탈리아,여단,독일,바더,마인호프단,일본,적군파들,국가,자주,인권문제,정도,해결,선진국,혁명가들,자본주의,체제,타도,정치혁명가들,동시,기성세대,생활방식,근본적,문화혁명가들,운동,외세배격,가난해결,인권보장,후진국적,해결,관료화,기술지배체제,상실,인간성,회복,소외문제,해결,사회,실체,권위,권위,인간,총체,해방,희망,아나키스트,선진국,청년,운동,마르크스주의,후진국,청년,운동,체질적,운동,세계적,운동,선진국,마르크스주의자들,전후,학생봉기,프랑스,서독,이탈리아,학생들,노동계급,협력,노동자들,갈등,미국,학생들,노동자,불우,세력,흑인,제휴,실제,선진국,청년운동,후진국,청년운동,흡수,의미,결과,청년운동,마르크스주의,운동,선진국,학생운동,마르크스주의,자본주의,체제,대안,마련,의도,권위,저항,아나키즘,혁명운동,구체적,제시,이념,이론,행동지침,마르크스주의,대안,듯이,신좌파,거부,구좌파,입장,신좌파,혁명,방법,후진국,인텔리겐치아,혁명가,도리,베트남,전쟁,헤이든,미국,급진파,청년,적국,북베트남,세계,혁명가,게바라,호치민,마오쩌둥,우상,결과,청년운동,선진국,후진국,후진국,선진국,현상,1980년대,소련,동유럽,사회주의,체제,청년운동,후진국형,선진국형,쇠퇴,운동,마르크스주의,의문,제기,청년운동,마르크스주의,물거품,대항문화,counterculture,신좌파,문화혁명,히피,세력,산발적,1969년,우드스톡,축전,대대적,과시,현상,1969년,뉴욕주,마을,45만,청년,거대,록음악제,기성세대,세대,출현,신호탄,해방,마약사용,여성,소수민족,동성애자,자기표현,태도,다문화주의,multiculturalism,예언자들,마르크스주의,바탕,정치혁명,전념,후진국,청년,운동가,질적,종류,청년들,선진국,유형,청년들,세대,노동당,영국,해롤드,윌슨,선거연령,18세,막강,정치력,사람들,소비자,무시,거대,세력,자본주의적,부르주아적,사회,타도,운영방식,사회구성원들,생활방식,성공,마르크주의,영향,사실,사회주의자,사람들,클린턴,탄핵,세대,우세,미국,사회,분위기,덕분,시대,변화,간파,청년운동,전통,시민단체들,정부,단체,마르크스주의,이념,소련,체제,혁명,권위,저항,환경,인권,반핵,군축,낙태,구체적,분야,실천,성과,단일문제,single-issues,운동들,장기적,질적,변화,무대,업적,이주영,42년,서강대대학원,서양사,미국,역사적,의미,저서,서양,역사,교수,건국대,사학과,풍요,낭만,불안,베이비,세대,1960.70년대,선진국,학생운동,베이비,세대,출현,중요,작용,제2차,대전,1946년,1963년,경제적,여유,세대,미국,클린턴,대통령,독일,슈뢰더,총리,젊은이,반란,가담,사람들,포함,1930년대,공황,초반,제2차,대전,불행,시절,부모,세대,풍요,사회,사람들,스포크,박사,육아법,영향,부모들,헌신적,뒷바라지,사람들,성장배경,세상사,태도,원칙,이상주의의,입각,생각,특징,낭만주의적,기질,고생,부모,세대,나약,인내심,부족,자신들,장래,불안감,세대,불안감,대학생,세대,대학,학생,초만원,학교,불만,졸업후,취업문제,두려움,불만,취업문,전공,대학생,버클리,학생,반란,마리오,새비오,철학,전공,학생,사실,극명,불만,철학,문학,신학,역사학,인문학과,심리학,언어학,학생들,사회,과학,전공,학생,베이비,세대,중년,중견세력,타도,체제,수호자,도전,세대,당부,세력,보수세력,부모,세대,진보적,성향,세대","미국,선진국,혁명가,후진국,마르크스주의,청년운동,신좌파,사람들,후진국형,20세기,학생들,혁명가들,영국,자본주의,청년들,인텔리겐치아형,선진국형,독일,프랑스,기성세대,노동자,클린턴,소련,러시아,세계사"
1999-03-25,부산일보,(강습)온누리수족침학회부산지부..,사회-여성,"온누리수족침학회부산지부,강습,온누리수족침학회부산지부,온누리수족침학회부산지부,수족침,무료강좌,사하독서문화원,중등학생,논술,NIE,신문활용교육,교실,부산시립중앙도서관,민요,생활용품,사진,생활,한문,생활,용품,무료강좌,어진샘노인종합복지관,치매관련,무료건강강좌,반송종합사회복지관,한복,조리사,미용사자격증,성인피아노,가족,미용,청춘,건강,성인,피아노,컴퓨터교실,두송복지관,아동,청소년,컴퓨터,동화,구연,퀼트인테리어,가족,머리,손질,미용사,자격증,교실,백양종합사회복지관,출장,가정요리,조리사,자격증,에어로빅,서예반,아동,미술,교실,중구종합사회복지관,중급,수화교실,장선종합사회복지관,청소년,검도교실,수화,컴퓨터,검도,교실,어린이,디딤돌,학습,영어,색동,그림방,피아노,일반,홈패션,생활,한복,야간,장구,교실,종이,해운대종합사회복지관,한식조리사,출장,요리사,양분식,창업,서예,요가,건강,댄스,볼링,교실,죽로다문화원,야간,다도교실,한자교육연수원,한자교육,공개강좌,해운대문화예술원,데생,수채화,유화,서양,무료,강좌,사상구청소년수련관,청소년,상담,카운셀러,대학,여성,NIE공개강좌,패션코사지,교육,피부,미용,전문,메이크업,패치워크,퀼트,헤어,정보,검색사,스텐실,서구종합사회복지관,간병인교육,요가,지압,교실,금곡종합사회복지관,홈패션,양재,기초,생활,한복,코바늘뜨개,종이,공예,가족머리손질반,구덕도서관,PC기초.통신,인터넷,무료강좌,인터넷,교실,무료,강좌,동일예지원,꽃꽂이,부케,전문,여성,노래,교실,코사지반,동래종합사회복지관,한정식영업,분식,먹거리,분식,피부,미용사,제과,제빵사,한식,조리사,양재,옷수선,미용사,직업,강좌,피아노,생활,요리,취미반,부산시여성회관,기초발성법,노래,노래,교실,특별,강좌,경남정보대사회교육원,웨딩용,드레스,파티,아동,강좌,글나라아동문학연구소,동화창작법,수필,주부동화창작교실,문화연구회,오일선,선생,초청,명상,특별,강좌,함지골청소년수련원,어린이,뇌호흡,영어,교실,리드,일반,컴퓨터,기초,액셀,경락마사지,종이,영어회화,은율국악회,가야금,태평소,대금,단소,피리,아쟁,국악,강습회,남산정사회복지관,PC통신,인터넷,정보,검색,홈페이지,인터넷교육,부산사회체육센터서면지회,수영,검도,노래교실,생활,스포츠,한국,무용,노래,교실,여가프로그램","미용사,무료강좌,조리사,홈패션,양재,가족머리손질반,노래교실,자격증,퀼트인테리어,홈페이지,취미반,한식조리사,미용사자격증,온누리수족침학회부산지부,성인피아노,뇌호흡,액셀,서예반"
1999-03-30,매일경제,(COLLECTION) 올 봄 거리를 질주한다,문화-생활,"거리,질주,거리,빨강,분홍,노랑,연두,정열적,원색,얼마전,반영,우울,회색계열,무채색,유행,대조적,미래,2000년,눈앞,세기,시작,의식,원색,의상,반영,패션전문가들,거리,진단,파리,뉴욕,밀라노,런던,세계,유명,컬렉션,디자이너,선택,색상,원색,구치,베르사체,질샌더,안나수이,크리스찬,디올,연출,무대,정열,그동안,디자인,최소,색상,사용,단순,세련,의상,난해,180도,모습,유행,주도,구치,꽃무늬,문양,정열적,원색,사용,베르사체,네온,NEON,느낌,원색,의상,등장,주목,구치,베르사체,소수민족,인디언,남미아프리카,원주민,속의,차용,장식,사용,다민족,다문화,주의,반영,원색,춘하,시즌,패션,유행,핵심,단어,등장,빨강,분홍,선명,블라우스,셔츠,사용,색상들,겉옷,등장,디자인,단순,주름,리본,활용,장식,자신감,도전적,패션,연출,추세,보수적,패션,고수,샤넬,훼라가모,루이비통,에르메스,브랜드들,미래적,옷들,전통,혁신,조화,기치,브랜드들,자신들,이미지,색상,소재,변화,시도,유행,남성복,색상,디자인,변화,신사정장,평상복,캐주얼화,추세,머리,발끝,스타일,전형,보수적,시대,느낌,신사복,대명사,에르메스,보스,에르메,신세대들,선호,구치,질샌더,프라다,성복,캐주얼,활동성,기능성,중요,디자,요소,반영,에르메스,코리아,마케팅,마케팅,우현주,차장,요즘,남성,편안,선호,경향,소재,신체,움직,정확,재단법,사용,상대방,부담,차림,대표적,멋장,차림,소개,보디백,BODY,BAG,시즌,주목,히트,아이,가방,어깨,관념,무릎,엉덩이,복대,보디백,패션,활동,캐주얼,차림,예고","에르메스,구치,베르사체,보디백,질샌더,런던,밀라노,신사복,다민족,브랜드들,우현주,루이비통,남미아프리카,원주민,눈앞,속의,발끝,신세대들,에르메,움직,회색계열,디자,옷들,크리스찬,자신들,평상복,180도,뉴욕,자신감,다문화,멋장,미래적,기능성,디올"
1999-04-03,경남신문,차문화 깊이 있는 이해 도와,지역-제주,"깊이,이해,도와,울산,장영동,한국,다도,펴내,울산지역,다문화,영동,현대인들,인식,제공,한국,다도,도서출판,저자,입문,기초,수준,문화,이해,사람들,계층,취미,차문화,현대인들,뿌리,자료,독특,해설,선인들,생각,지혜,노래,예시들,정리,오랫동안,공부,주역,문화,대비,해석,한문실력,바탕,선인들,생활,해석,본문,다도,다덕찬가,다경,육우,중국타도철학,한국,다도철학,8부,이명용","한국,울산,영동,선인들,현대인,현대인들,차문화,다덕찬가,예시들,오랫동안,이명용,8부,다문화,한문실력,사람들,중국타도철학,다경,도서출판,울산지역,펴내,도와,장영동,다도철학,다도,해석,문화,이해,수준,선인,육우,깊이,예시,정리,노래,저자,입문,출판"
1999-04-09,부산일보,편운문학상 수상자 선정,문화-출판,"선정,편운,문학상,수상자,선정,편운,문학상,수상자,시인,소설,시인,이제하씨,평론가,최동호,본상,시인,박영호씨,신인상,수상자,편운,문학상,선정,시상식,30일,대강당,서울,동숭동,문예,진흥원,편운문학상,조병화,시인,제정,한국시,지평,시인,평론가,수여,인터,넷플라자협,명예,회장,권철현,국회의원,한나라당,부산,사상갑,9일,정동이벤트홀,서울,한국인터넷플라자협회,창립,대회,명예회장,추대,동남,어문,학회,학술,표회,김재환,동남,어문학,회장,동의대,국어,국문학,교수,10일,제1세미나실,동의대,본관,세미나실,학술발표대회,동남,어문학회,학술,대회,정기총회,회지,발간,회장,황분달,죽로다문화회,생애,감명,한마디,특집,회지,죽로,제10집,발간","서울,동남,수상자,평론가,동의대,편운문학상,명예회장,문학상,편운,한국인터넷플라자협회,김재환,동숭동,죽로다문화회,학술발표대회,황분달,부산,한나라당,사상갑,한마디,국회의원,신인상,박영호,한국,한국시,국문학,정기총회,넷플라자협,죽로,제10집"
1999-04-21,동아일보,경제관료가 영화촬영장에 초대받은 이유,문화-문화일반,"경제관료,영화촬영장,초대,경제관료,영화촬영장,초대,김희경기자,21세기,문화,시대,문화관광부,부서,정책,결정,예산,배정,나중순위,일쑤,문화예산,정부예산,1%,김대중,대통령,대선공약,실현,생각,문화부,고육책,22일,예산청,재정,경제,산업,자원부,경제부처,5급,공무원41명,문화,나들이,초대,경기,남양주,종합촬영소,영화,촬영,현장,서울,영상,벤처,빌딩,게임,애니메이션,영화,제작사,토론,연극관람일정,나들이,행사,기획,영상,업종이,산업화,한지,제조업,중심,관련법규,문화산업,인정,제작사,영화,게임,음반물,벤처기업,영상분야투자,세제혜택,1년,경제부처,예산,협의,문화,중요,설득,현장,직접적,이해,생각,영화진흥과장,유병한,문화부,영화,진흥,과장,경제,관료,문화,현장,만남,문화부,문화,산업,정책,수행,공연장,입장권,통합,전산망,구축,문화,산업,행정,지연,현장,불만","문화부,예산청,음반물,제작사,입장권,업종이,공연장,서울,경제부처,유병한,연극관람일정,대선공약,세제혜택,종합촬영소,관련법규,남양주,김대중,나중순위,촬영소,김희경,제조업,21세기,공무원41명,김희경기자,5급,전산망,영상분야투자,고육책,정부예산,문화예산,문화산업,공무원"
1999-04-27,서울신문,서울 온 유네스코 디엔 다문화교류국장,문화-전시_공연,"서울,유네스코,다문화교류국장,아프리카,문화,탐사,아프리카,아시아,교류,증진,이해,기여,세종문화회관,서울,발표회,아프리카,문화,탐사,26일,서울,유네스코,다문화,교류국장,대한매일,기자회견,아프리카,문화,탐사,의미,요약,자문위원장,아프리카,문화,탐사,자문,위원장,알리온,내한,국장,20세기,가지,과학,기술적,발전,저개발,질병,기아등,그늘,세기,교류,아시아,아프리카,서로,발견,지구상,갈등,대립,문화,갈등,세계,문화,강조,아프리카,문화,본질,인간,예술,예술,인본주의,탐사,여성,소수민족,도시개발,아프리카,문화,한국,아시아국가들,희망,국장,각종,문화,사업,후원,유네스코,문화탐사,노하우,아프리카,아시아,형식적,대화,아프리카,문화,본질,접근,각종,지원,국장,세네갈,출신,프랑스,법학,정치학,공부,72년,유네스코","아프리카,유네스코,아시아,서울,문화탐사,다문화,알리온,기아등,저개발,프랑스,정치학,소수민족,대한매일,지구상,도시개발,기자회견,위원장,교류국장,세네갈,아시아국가들,세종문화회관,인본주의,한국,20세기,다문화교류국장,발표회,자문위원장,문화,국장,탐사,갈등,각종,교류,세기,가지,예술"
1999-04-27,서울신문,새천년 아프리카 대탐사 나선다,국제-중동_아프리카,"대탐사,아프리카,우리나라,아프리카,탐사,사업,대한매일신보사,주최,유네스코,본부,후원,주관,아프리카,문화,탐사,위원회,아프리카,문화,탐사,위원회,위원장,김상우의원,유네스코,본부,평화,문화,구축,문화,대화,노력,일환,2년,45개국,아프리카,대륙,개국,문화,탐사,단체,27일,서울,세종문화회관,국제,회의장,페데리코,마요르,유네스코,사무총장,유네스코,다문화,교류국장,관계자들,유네스코,및한국,관계자,참석,아프리카,문화,탐사,발표회,본격적,활동,김상우위원장,2000년,유엔,평화,문화,2001년,문화,대화,아프리카,탐사,문화,대화,촉진,평화구축,이바지,우리나라,탐사단,탐사,기간,연구진,유네스코,본부,15명,현지,지원인력,자문위원단,도움,탐사,자문위원단,나이지리아,노벨,문학상,수상자,소잉카,윌리,말리,출신의미항공우주국,NASA,천체,물리학자,다이아,체이크,저명인사들,포함,모로코,세네갈,라이베리아,서부,아프리카,탐사,나미비아,마다가스카르,남부,아프리카,수단,이집트,등동,북부,아프리카,8만,자동차,이동,11월,탐사대원,선발,장비구입,준비,12월,광장,파리,에펠탑,출발식,12월,모로코,라바트,이동,새해,첫날,탐사,인터넷,세계,공개,TV다큐멘터리,ABC,CNN,BBC,NHK,France,Culture,ARTE,TV-,3,NDR,Euronews,CD롬,비디오,테이프,DVD,출판물,형태,제작,유네스코,가맹국,184개국,탐사,비용,부담,유네스코,연구진,현지,지원인력,지원비,유네스코,부담,탐사위원회,카메라,자동차,30여억,장비,확보","아프리카,유네스코,우리나라,윌리,모로코,자동차,김상우,위원장,탐사단,발표회,위원회,수상자,페데리코,위원단,세종문화회관,에펠탑,첫날,서울,지원인력,자문위원단,연구진"
1999-04-28,충청투데이,(社說)大田서 일하고 싶다,지역-대전,"大田,대전,각광,도시,변모,행정자치부,지자체,지방,공무원,연고지,배치,희망,조사,결과,대전,공무원,8백,광역,단체,교류,희망자,명중,근무지,공무원,서울,공무원,1백,대산,근무지,고장,대전,1백,서울,84명,경기,광주,서울,지난날,선망,경향,대조적,서울,기피,현상,대전,인식,고무적,대전,위상,증거,정부대전,청사,2년,시점,설문,조사,응답자,49%,본인,가족중,대전,이주,기억,정부대전,청사,근무중,3천,65명,공무원,가족,공무원,대전,이주,63%,2천,75명,예상,대전이주,마음,대전,애정,결과,현상,대전,거부감,도시,부상,얘기,천변고속화,도로,투자,대전,방문,프랑스,트랜스루트,메모트,아시아담당,상무이사,대전,한국내,발전가능성,판단,투자지역,선정,외국인,대전,가능성,도시,현상,대전,가능성,고장,자리매김,대전,교통,요충,부각,93대전엑스포,성공적,개최,도시,위상,시작,정부청사,대전,제2,행정수도,대덕,단지,나라,과학,산실,촉망,벤처기업,메카,부상,대덕단지,주변,2002년,5백,증가,전망,정도,대전,얼마,발전,가능성,도시,대전,도시,위상,도시환경,조성,오늘날,도시,평가,대전시,대전,최고,도시,야심,계획,정도,진척,방향,도시,환경,보장,편리,안전,다문화시설,부족,평가,대전,각광,도시,만족,도시,노력,편집,朴炳紀","공무원,서울,1백,광주,근무지,대덕,희망자,메모트,정부대전,상무이사,가능성,벤처기업,다문화시설,대전엑스포,93대전엑스포,5백,다문화,2천,천변고속화,트랜스루트,지자체,대조적,8백,3천,프랑스,정부청사,응답자,대덕단지,한국,행정자치부,근무중,고무적,행정수도"
1999-04-29,중앙일보,(떠오르는 밀레니엄 작가) 3. 가즈오 이시구로,국제-일본,"이시구로,3.,가즈오,감독,제임스,아이보리,영국색,영화,나날,원작,가즈오,이시구,동명소설,1950년대,배경,전형적,영국,귀족,가문,충직,집사,스티븐스,회고담,소설,일본인,작품,짐작,사람,가즈오,이시구,일본혈통,일본,영국,문학,주역,개인사,집단,역사,회상,피륙,솜씨,세계적,독자,확보,영국문학계,나날,권위,문학상,부커상,태생,일본,나가사키,가즈오,부모,영국,애초,일본,예정,부모,일본,문화,생활습관,82년,장편,언덕풍경,자살,영국,혼자,일본,여성,에츠코,회상,세계대전,와중,황폐,일본,현실,86년,장편,번째,세상,예술가,예문,노년,오노,화가,마스지,회상속,이야기,전개,일본,패전,1940년대,마스지,고택,노년,명망,화가,혼인,사건,전시,일본,군국주의,협력,예술,재능,낭비,과거,작가,주목,역사,대목,89년,나날,세종,확인,주인공,스티븐스,충직,집사,평생,달링턴,나치,협력자,작가,서술,주체,주인공들,기억,과거,독자,총체적,파악,과거,사이,거리,소설,묘미,최근작,95년,위로,사람들,프레스21,작가,상상력,지평,동부유럽,익명도시,연주회,방문,피아니스트,라이더,현실,체험,작가,현대인,불안,연계,예술가,존재론,탐색,가즈오,매력,유럽,일본,다문화체험,소유자,현대,보편적,구체화,솜씨","일본,영국,가즈오,마스지,예술가,유럽,스티븐스,에츠코,달링턴,아이보리,이시구,제임스,이시구로,나가사키,미번역,구체화,pale,현대,라이더,동부유럽,문학상,개인사,생활습관,부커상,언덕풍경,존재론,나치,사람들,주인공들,익명도시"
1999-05-03,매일신문,'쟌니 스키키'와 나훈아,문화-전시_공연,"쟌니,스키키,나훈아,쟌니,스키키,나훈아,주말,대구,공연,대구시립오페라단,대구시,밀라노시,자매결연,축하,기념,공연,마스카니,카발레리아,루스티카나,푸치니,쟌니,스키키,문화,예술,회관,무대,4월,5월,무대,경북대,강대,2일,나훈,콘서트,공연,목전,문화,주소,공연,사흘,음악,애호가,발걸음,이태리,성악가,지역,성악가,열창,감상,입추,중년,관객,환호,박수,강당,나훈아,콘서트,IMF하,입장료,4만,6만,입장객들,차량,경대교,북새통,전자,특정,소수,문화,후자,다수,마당,구분,광경,문화,예술,부흥기,미래,학자,예견,나이스비트,예술,여가,수단,스포츠,정보산업,발달,예술,인생,의미,재조명,욕구,저서,메가트렌드,지적,예술,대중화,오페라,1990년대,대중화,예술품전시회,인생,충만감,관람객,우리나라,40~50대,세대,특정,소수,제외,체면치레,예술,문화,접근,나훈아,열광,세계화,시대,문화예술,부흥기,세대,주역,문화,예술,향기,문화,예술,회관,오페라,공연장,초등,남매,어머니,쟌니,스키키,카발레리아,루스티카나,설명,광경,고등학생,음악,전공,예술고생들,문화,예술적,감각,성인,하루,훈습,인격형성,도움,자식들,피아노학원,미술학원,부모,극성,학년,아이들,청소년,연예인,오락,걱정,공부,머리,문화,예술,현장,자녀들,습관,부모,세대,나훈아,앙코르,자식세대,쟌니,스키키,브라보,李忠熙","나훈아,스키키,쟌니,대구,성악가,루스티카나,경북대,카발레리아,대중화,부흥기,입장료,4만,6만,입장객들,입장객,연예인,인격형성,밀라노시,경대교,훈습,정보산업,아이들,대구시,자매결연,메가트렌드,재조명,오페라단,관람객,이태리,체면치레,발걸음,예술품,세계화"
1999-05-05,전북일보,모악산 관리직원 근무 불성실 ‘눈살’,지역-전북,"눈살,모악산,관리,직원,근무,눈살,모악산,관리,직원,근무,먹칠,관광지,이미지,도립공원,모막산,관리,사무소,근무,직원들,근무자세가불성실,괸광객들,눈살,괸광지,이미지,지적,대두,모악산,금산사,괸광객들,모악산,괸리시무소,매표소,근무,관계자들,근무,텔레비전,시청,매표관리,매표소,의자,차람,관광객,통제,동네,복덕빙,근무,모습,공원매표,근무자들,파핵적,근무자세,김제시,파견,직원,문화채관람료수입,체크,금산사측,파견,2명,직원들,김제시,현장획인결과,실정,모악산,금사,관광객들,입구,불쾌감,일쑤,관광지,이미지,먹칠,지적,관광객들,매표소관계자들,근무태도,관광객,유치,찬물,근무자들,소양교육강화,무자들,제복,통일화,매표관리개선방안,마련,축구,김제,군산,시청사,법정,군산시,중앙,구시청사매매문제,괸련,군산시,실랑이끝,대우,해결,법원,민사조정신청,법원,조정력,해결,국면,직면,대우,민사조정신청소식,군산시,대우,결국,상호협싱력,정치력,발휘,해결,제3자,법원허,해결,콴계,군산시,대우,상호,상처,결과,초래,무려,분위기,시민들,사이,역력,군산시,대우,조적,진척,시발전,대인,마련,불응,자세,민사소송,발전,사태,에상,군산시,중앙,구시,청사,주변,주민들,해결,구시청사주변,예전,상권,회복,해결,군산,미숙,전국,역도,대회,운영,지난달,순창군민복지희괸,5일,전국,주니어,여자역,전국춘계,선수권대회기,기록,수립,주민,집안잔치,여론,군단위,대희는순창여중,전국,4백,선수들,참가,한국,기록,11개,기록,흥보대책,소흘,중잉헌론,소외,시합,당일,기록,집계,운영상,1억,대희예산중국민체육진흥공단,대힌혁도연맹,군지원금,제외,나머지,비용,자체운영위원,기업체,할당해잡음,지역,기업체,2~3곳,각종,행사,협찬요청,경제침체,기업들,형편,주민들,순창군,역도현맹,설립,기간,불구대희,유치,전국대희,진행,관련임원들,인정,고전제,자체예산확보도,대회,갖가지,부작용,유발,찬조금,내역,대회비용,결산,투명,공개,주미들,호응,고지적,순창,부안군,해변,축제,준비,분주,부안군,해변축제,성공,개최,청내,기관별,모습,봉사,실천,공직자상,실현,민관,포함,지역민,화합,마련,계기,마련,히귀,문화관광,행사진행,이학로계장,위생계전직원들,근절,바가지,상혼,사전,예방,계도,주변싱인들,적극,부안군,경찰,유관기관등이상호유기적,협력,봉사핵정,실천,축제열기,고조,부안,도표,매표","모악산,군산시,대우,관광객,매표소,부안군,기업체,구시,군산,관계자,금산사,눈살,관광지,김제시,군지원금,전국춘계,근무자,모막산,근무자들,주민들,괸광객들,해변축제,관광객들,괸광객,직원들"
1999-05-11,세계일보,중국요리 공연이 있는 이색 전시회,문화-전시_공연,"중국,요리,공연,이색,전시회,자장면,소재,미술관,퍼포먼스,화제,프랑크푸르트,97년,텔아비브,98년,호평,기획,미국,대중음악,상징,엘비스,프레슬리,분장,독일,가수,모창,한국화,중국집,자장면,치즈,특선,요리,사람,한국요리사,등장,눈길,출연자,전통,중국,의상,미국,교통수단,롤러블레이드,음식,캐나다국적,홍콩,웨이트리스,추구,예술가,현실,이스라엘,접시닦이,서양,팝음악,동양음악,리믹스,네덜란드,DJ,요란,전시관람객,미술관,공연,대중식당,손님,관객들,독특,분위기,가세,흐름,혼합문화,현장,기획전,명칭,엘비스,궁중반점,한국,가상,중국,음식점,배경,전개,서울전,일상,문화,대표,음식,주제,한국,작가,정연두,요리공연,독일,이스라엘,네덜란드,캐나다,작가들,동서,다문화권,직접적,문화체험,바탕,작업들,엘비스,궁중반점,설치,사진,회화,퍼포먼스,비디오,미술,작업,전시장,장르,구분,총체적,예술작품,작업의도,장난끼,표현,공연,미술,음악,구역정리,대중문화,고급문화,차이,동양,서양,촌티,구별,쯧쯧쯧,황인종간,갈등,단일,민족,정통성,골치,전시,기획,성곡미술관측,서구,문명,뿌리,대중문화,형성,혼성문화,밀레니엄,전환기,미학,대안,제시,초점,설명,14일,6월,성곡미술관,서울,신문로,Contact,towebmaster,segyetimes.co.krfor,information","한국,중국,미국,네덜란드,엘비스,캐나다,독일,대중문화,자장면,성곡미술관,이스라엘,동양,미술관,신문로,서울,궁중반점,towebmaster,황인종,황인종간,예술작품,정통성,쯧쯧쯧,텔아비브,웨이트리스,관객들,다문화,프랑크푸르트,다문화권,예술가,홍콩,한국요리사,혼합문화,서울전,전환기,출연자"
1999-05-17,한국일보,(화제의 인물) 금당 최규용옹,문화-학술_문화재,"금당,최규용옹,선비,기품,성취,선지식,향기,백수,금당,최규용,97,부산,서구,암남동,다성,금당,차문화,확립,발전,평생,요즘,시조,당나라,육우,선사,다법,육우다경,작업,몰두,자신,육우다경연구회,중심,자료발굴,정신,정행검덕,행동,검소,생활,체계,선차,일명,명상차,정행,검덕,실천,토대,육우다경연구회,인간성,회복,겨냥,차문화운동,주력,맥락,작고,최순우,전국립중앙박물관,생전,최옹,노년,노경,동양,선비,마음,세대,금당,부산,송도,다우,노경,일본,와세다대,토목학,전공,고건축,안목,해인사,장경각,퇴설,보수,전국,도공,계보,정도,고미술,일가견,시절,클라이밍,바위,사람,세상,소설가,박종화,최범술,언론,홍종인,소설가,김정한,극작가,유치환,다우,당대,경봉스님,대선사,청담,경봉,스님,조계종,일타,법정,스님,풍류인,인연,40년대,선방,가야산,해인사,2년,참선,차문화,뿌리,전국,대흥사,해남,다선,초의선사,유적,발굴,차문화,한국,원류,금당다화,80년대,육우선사,발자취,중국,차문화,국제교류시대,그동안,최옹,소재,5권,다성,중국,육우,고향,항저우,국제다문화,연구회,최옹,업적,당대,다성,백세,다인,품성,노인,공덕비,최옹,요즘,사람,끽다래,끽다래,요즘,뜨락,작약,한잔,대문,COPYRIGHT,HANKOOKILBO","최옹,차문화,금당,다성,해인사,소설가,육우다경연구회,정행검덕,부산,다우,중국,최순우,항저우,일타,해남,청담,가야산,검덕,대선사,육우선사,당나라,한국,정행,끽다래,차문화운동,고미술,선차"
1999-05-25,경향신문,-여적-'차(茶)의 날',문화-학술_문화재,"여적,중국,당나라,시대,문인,육우,다경,茶經,고전,효능,소개,갈증,두통,증세,감로,효과,조선시대,허준,효능,평가,소화,소변,화상,해독,동의보감,만병통치약,혼란,선인들,효능,가지,정리,머리,밥맛,해독,피로,가지,九德,음료,음료,역사,중국,신농씨,독초,고생,차잎,해독,역사,4,700여년,중국인들,신농씨,햇차,풍습,생명력,건강상,도교,유교,불교,수행,동반자,정신수양,방편,다도,茶道,다산,정약용,혜장스님,추사,김정희,초의선사간,우정,다도,교류,정신,마음,믿음,다인들,이달말,한옥마을,서울,남산,한옥,마을,잔치,모양,신라시대,중국,씨앗,다방,정도,성행,조선조,사찰,다문화,행사,현대병,효험,보고,관심,다행,하루,전통,다문화,한잔,심신","중국,다문화,서울,남산,불교,신농,신농씨,혜장,혜장스님,김정희,정약용,다인,다인들,생명력,이달말,건강상,현대병,다산,다경,조선조,조선시대,신라시대,동반자,茶經,선인들,만병통치약,햇차,중국인들,茶道,정신수양,중국인,한옥마을,동의보감,조선,신라,밥맛,허준,당나라,九德"
1999-05-26,부산일보,(부산미술 들여다보기) 작가의 개성엔 국적이 없다,문화-미술_건축,"작가,개성,국적,부산미술,작가,개성,국적,캡핑,CAPPING,국제현대미술가회,부산,시내,화랑,한국,일본,청년작가들,주축,결성,모임,부산,요코하마,부산,도쿄,부산,전시,개최,전시,중국작가들,참여,미국,브라질,작가들,가세,국제전,형태,부분적,지역,큐레이터,작가,선정,체계,조직,양상,아시아,현대,미술,성장,정체성,주제,세미,발제,토론,내년,상하이,전시,예정,모임,특징,결속력,철저,작가들,자발,참여,전제,개방,네트워크,전시,선명,주제,자유,분방,양식,작품들,공존,지역,국가별,작품,차별성,이질,양상,참여작가들,자연,교체,전시,의미,나라,현대,미술,동시대,양상,포괄적,진행형,미술흐름,표출,오늘날,정보,교류,문화,상호작용,시대,국제화,다원화,관념,어휘,현실,전시,다문화,주의,양상,지역미술,국제화,정체성,확보,생각,모범답안,지역,문화,특수,국제적,보편화,개별성,다양성,조화,일각,양식,차별,급변,미술흐름,집단,정체,설정,자체,자기방어적,시대착오적,시각,미술,본질적,개인,활동,작가,개성,국적,표현,전통성,수구적,세습,인위적,강요,상황,능동적,발현,문화교통,통로,차단,배타,시각,경계,스스로,모습,반추,반문,자세,이동석,미술평론가","부산,정체성,현대,한국,네트워크,작가들,미술흐름,큐레이터,아시아,국제화,다양성,자기방어적,개별성,캡핑,전통성,모범답안,시대착오적,국제전,이동석,결속력,청년작가들,일본,국제현대미술가회,시대착오,문화교통,진행형,상호작용,브라질,보편화,다원화,작품들,답안,미국,상하이"
1999-05-26,한겨레,지구촌 동포청년 연대 '킨'을 아십니까,국제-국제일반,"연대,지구촌,동포,청년,연대,퀴즈,대한민국,재외동포,조선족,중국동포,고려인,러시아,한인,재일조선적,在日朝鮮籍,입양아,미국,시민권자,재미동포,7월,시행,예정,재외동포,출입국,지위,재외동포법,정답,재외동포,범위,대한민국,국적,해외,영주권자,대한민국,국적,외국국적,취득,국적,포기,사람,직계비속,제한,핏줄,정서적,동포,수립,대한민국,정부,한반도,부모,재외동포,어린이날,서울,동숭동,마로니에공원,입양,비자캠페인,이색,행사,부모,나라,한국,비자,갱신,번씩,연고,일본,홍콩,등지,입양인들,처지,법개정,청원,행사,행사,입양인들,KIN,Korean,Inter-national,Network,기획,해외,동포,젊은이,시민,단체,활동가,직장인,50여명,젊은이,회원,활동,www.kin.or.kr,청년들,지구촌,동포,청년,자발,참여,협력,동포사회,평화,실현,인권,남북,평화,통일,연대운동,지구촌,공동체,연대,운동,목적,2월,창립,142개국,554만,해외동포,조선족,200만,고려인,무국,재일,동포,조선적,15만,입양,젊은이,20만,정부,재외,동포,범주,제외,러시아,중국,일본,외교,마찰,요즘,무국,재일,동포,입국,제한,철폐,운동,재일,조선,일제,시대,일본,대한민국,국적,취득,후손,무국,상태,일본,정부,허가서,발부,지구촌,국가,7개국,나라,조선적,모국,세계화,시대,민주주의,한국,사무국장,단체,배덕호,민족주의,배타적,보수적,자의적,비판,재외동포법,몰역사성,비판,캠페인,적극,다문화주의,기초,진보적,개방적,한국인,민간차원,상호,교류,교육,연대,통로,마련,활동,일환,2만,3만,유학생,거주,해외,동포,유학,입양,문화,정서,유사,지구촌,네크워크,진보,동포,청년,지구,연대,운동","지구촌,일본,대한민국,재외동포,해외동포,고려인,조선적,활동가,마로니에공원,러시아,한국,연대운동,무국,15만,중국,조선,입양인,배덕호,입양인들,허가서,서울,유학생,재외동포법,조선족"
1999-05-27,세계일보,(WT논평)원칙을 저버린 대외정책,국제-유럽_EU,"원칙,대외정책,러시아,외교관,미국,전술,전략,착각,코소보,난국,미국,외교,정책,전략,연구자,전략적,군사,능력,실패,주장,코소보,사태,미국,나토,인도주의,전쟁,시작,지역,초토,재앙적,난민문제,조성,일조,독재자,강화,코소보,전쟁,외교정책,안보,기본원칙,포기,목적,능력,유고슬라비아,다리,파괴,인도주의,행위,밀로셰비치,총잡이,고용,국가,지도자,암살,악인,암살,독재자,파멸,나라,전략,외교정책,도덕,행위,클린턴,행정부,위선,정치적,전쟁,미국,多元主義,다원주의,명목,비현실적,미국,多文化,다문화,국가,건설,계획,강요,번째,보스니아,전쟁,모델,세르비아인,크로아티아인,회교도들,가동,가능,다민족국가,강요,코소보,코소보,자치,세르비아인,알바니아,양쪽,포용,1919년,남부유럽,베르사유,조약,이래,남부,유럽,역사,사실,독재체제,지배,다민족,국가,지탱,유고슬라비아,대표,실례,민주화,체코슬로바키아,슬로바크인,독립,슬로바키아,건국,다민족,국가,실패,클린턴,블레어,영국,총리,지배,외교정책,구출,발칸반도,다민족,다문화,국가,생각,포기,외교정책,안정,평화,조성,정글,육식짐승들,사실,도움,정글,무정부적,국제체제,평화,안정,확보,특성,구조,행동,이해,체제,질서,순위들,인도주의,외교,정책,사회,복지,외교,정책,에이머스,펄머터,아메리칸,교수,譯註,韓永鐸,심의위원,Contact,towebmaster,segyetimes.co.krfor,information","외교정책,코소보,미국,다민족,인도주의,세르비아인,독재자,유고슬라비아,클린턴,다문화,블레어,남부유럽,에이머스,多元主義,多文化,towebmaster,심의위원,체코슬로바키아,슬로바크인,재앙적,회교도,韓永鐸,회교도들,난민문제,민주화,슬로바키아,국제체제,유럽,譯註,기본원칙"
1999-06-07,동아일보,50개국'젊은 피 수혈'국제도시로,지역-전북,"50개국,수혈,국제도시,50개국,수혈,국제도시,장수,신오이타,계획,리쓰메이칸,亞太,대학,내년,벳푸,일촌일품,운동,국제화,장수,신오이타,계획,노년층,오이타현,젊은이,계획,시작,계획,결실,대년,벳푸,한눈,언덕,벳푸시,쥬몬지바라,14만,부지,개국,출신,학생들,정원,절반,는리쓰메이칸,아시아태평양대학건립,교수,절반,외국인,채용,아시아태평양,국제도시,구상,언어,4명,학생,그룹,편성,토론,언어,수업,영어,일본어,진행,아시아태평양학부,설립,아시아태평양지역시스템론,국제,사회학,다문화,사회,아시아태평양,지역,세기,아시아태평양,시대,선도,어드바이저리,커미티,기업들,참여,학생들,장학금,인턴십,기회,졸업,취직,주선,79년,추진,일촌일품,국제,기준,확대,신오이타,계획,일환,개념,물건,지방,특색,북부,기술집약단지,남부,해양수산도시,벳푸,정보,산업,도시,자리,오이타,약효,자랑,벳푸,8온천,5분,반숙,계란,섭씨,우미지옥,50m이상,다쓰마키지옥,벳푸의지옥,오이타,김호성기자","벳푸,아시아태평양,국제도시,오이타,일촌일품,50개국,쥬몬지바라,벳푸시,아시아태평양지역시스템론,학생들,신오이타,아시아태평양학부,김호성,기술집약단지,일본어,커미티,기업들,해양수산도시,50m이상,우미지옥,인턴십,다쓰마키지옥,오이타현,亞太,김호성기자,아시아태평양대학건립,다문화,14만,장학금,는리쓰메이칸,사회학,노년층,외국인,리쓰메이칸,국제화,8온천,벳푸의지옥,4명,대년"
1999-06-07,중부매일,"섬,내륙문화 함께 지향해야 할 궁극적 목표찾아야",지역-제주,"내륙문화,지향,궁극,제주,충북문화예술,공동발전위,세미나,만남,문학,평론가,최영호,교수,주제,내륙,위치,충북,특수성,제주,문화,특성,비교,지역,문화발전방향,모색,제주,충북,지역문화예술교류,99제주,충북,행사,문화,예술,세미나,문화,예술,시작,16일,청주,예술,전당,일원,사진,5일,예술,청주,전당,행사,제주,충북,공동발전,지역,문화,예술,공동,발전,세미나,이날,문학,평론가,최영호,교수,해군사관학교,만남,해양,문화,내륙문화,상관관계,주제,관심,교수,울산,대곡리,6천,암각화,주목,암각화,바다동물,육지,동물,형상,바다,내륙,강가,동원,사람,공평,분배,원시,합리,동물,크기,배려,감식안,바다,육지,유형,생산물,바다,생명체들,내륙,문화,문화,설명,해양,내륙,관계론,이해,전체적,반성적,체계적,이해,가치,복원,완성,중요,강조,바다,내륙,생성,사람,서로간,문화,확인,차원,만남,서로,문화,성찰,지향,만남,이날,세미나,교수,김승환,충북대,다문화시대,문화,자본,문화,국가,주제발표,문무병제주민예총지회장,제주,무속,제주,문화,교수,김병택,제주대,제주,시인,시세계,바다,중심,교수,한원균,청주과학대,부재,훼손,공간,역사성,현기영,신경림,작품,고향,모티브,제목,주제발표들,이훈재","제주,충북,6천,청주,암각화,생산물,청주과학대,한원균,충북대,최영호,김승환,제주대,김병택,현기영,신경림,역사성,문무병"
1999-06-09,한겨레,오스트레일리아 이민 변천사,국제-유럽_EU,"변천사,오스트레일리아,이민,인종,다민족,다문화,사회,오스트레일리아,인종,용광로,표현,정부,영국,덩어리,좀도둑,아일랜드,정치범,유형수,이민,선단,시작,나라,200여년,목적,동기,인종들,기회,자리,인구,조사,1850만,인구,4분,400만,외국,출생자,오스트레일리아,이민,2차,대전,이민자들,81%,영국,아일랜드,뉴질랜드,남아공,캐나다,미국,영어,태생,백호주의,장벽,초반,동양인,증가,시작,인구,5%,차지,오스트레일리아,사이,이민자,8만,과거,14만,이민자들,통계청,자료,오스트레일리아,이민자,수용,인구,정체,2050년,감소,출산,건국,이래,최저,기록,여성,평균,자녀,조사,부정,인구,증가,오스트레일리아정부,확대,이민,정책,적극,실업률,인종,편견,기인,감정,저변,오스트레일리아,사회,시드니,배정,통신원","오스트레일리아,이민자,영국,정치범,유형수,아일랜드,이민자들,미국,캐나다,남아공,백호주의,실업률,200여년,좀도둑,400만,뉴질랜드,시드니,14만,다문화,인종들,동양인,8만,다민족,2차,1850만,출생자,통계청"
1999-06-09,문화일보,-특별기고- '인도네시아 總選' 참관기,국제-아시아,"특별기,인도네시아,總選,참관기,자원보유국,동남아시아,최대,자원,보유국,인도네시아,자유총선거,자유총선거,32년,수하르토,독재,정권,실질적,자유총선거,인도네시아,국민,국제사회,관심,인도네시아,금융위기,나라,수하르토,국제금융위기,개방화,극복,32년,1인,장기집권,연장,욕심,내부,결속력,강화,반개방화,정책,선택,국제사회,국가,신인,추락,직접적,국가경제,파탄,한계,국민,생존권,요구,폭동,유혈사태,결국,예상,수하르토정권,퇴진,계기,3개,야당,투표,직전,선언,하비,정권,수하르토정권,연장선상,한계,변화,국민,열망,자유총선거,실현,인도네시아,야당,1인,독재정권,그동안,성장,3개,정당,자유총선거,48개,정당,난립,메가와티,수카르노푸트리,투쟁민주당,PDIP,압두,와히드,국민각성당,PKB,아미엔,라이스,국민신탁당,PAN,야당,여당,골카르당,각축,야당,공동성명,투표,직전,공동,성명,정권교체,열망,국민,성원,보답,야당연합,선언,인도네시아,국민,여당,퇴진,정권교체,갈망,정부,등장,야당,선언,금년중,대통령,선출,야당후보,단일화,최대,집권,골카르당,야당정파,집권연장시,군부,지지향방,인도네시아정국,변수,동티모르,아치,지역,분리주의자들,독립,요구,자치,정부,요구,다종교,문화,종교문제,종족들,갈등,유혈충돌,확산,인도네시아,정국,안정,변수,전망,인도네시아,총선,자체,지식인층,포함,대다수,국민,평화,정권교체,민주주의,실현,관심,문맹률,1만,구성,영토,3백,종족,4백,언어,사용,다문화,다인종,다종교,4위,세계,인구,대국,2억,총선,사실,투표시간,8시,2시,6시간,허용,예정,투표시작,정시,거행,투표소,선거,진행,요원,교육,부족,지역,투명,감시,절대적,인원,부족,국제공동감시단원,진행,개표결과,야당연합,압승,전통적,골카르당,지지,세력,산간벽지,도서,지역,서민,투표결과,인도네시아,정국,앞날,민주주의,욕구,당장,민생문제,관심,경제사정,과거,독재,정권하,평생,전통적,골카르당,지지결과,변화,중요성,인식,계층,3주,총선,최종결과,변화,개혁,갈망,지역,주민,국민,중산층,인도네시아,개혁정당들,승리,선거결과,부정,국민저항운동,결과,인도네시아,정국,혼미,예상,투표율,91%,민주,열망,분출,44년,실질적,자유총선거,91%,유권자,참여,거행,인도네시아,국민,민주주의,열망,단적,투표율,야당,국민,부응,연립정부,단일,개혁,연립,정부,구성,정권,창출,당면,경제위기,극복,국민,통합,다양성,포용,민주주,실현,가능,확신,총선,참관,인도네시아,앞날,확인,기회,김상우,국민회의,국회의원","인도네시아,골카르당,3개,자유총선거,수하르토,민주주의,다종교,정권교체,1인,앞날,동남아시아,투표율,국제사회,야당연합,독재정권,수하르토정권,중산층,압두,민주당,국민회의,아미엔,국민각,와히드"
1999-06-18,경인일보,"교육,문화도시로 힘찬 발걸음",지역-대전,"교육,문화도시,발걸음,교육,문화도시,발걸음,朴榮舜,구리시장,市政1,100개업,쳬참여,하루,처리,완공,하수,슬러지,소각로,인창동,서울,신내동,도시,계획도,확정,지원,청소년체육광장,조성,출발,구리,시정방침,민선,자치,朴榮舜,시장,시장,21세기,전국,최고,교육,문화도시,시민,시정,여념,7월,취임,시장,시점성과,지역경제활성화,실업자,중소기업,지원,종합,대책,수립,공긍근로사업,참여,1백,48억,지원,강화,근교,농업,경쟁력,5억,투입,지혁,명산물,덕골배,육성,농가,소득,증대,기여,중소기업,50억,중71육성,자금블,지원,업체,태표,회원,참여,구리시경제인협의희,참립,지역경제발전,초석,환경,인간심,도시건설,구리,제2읕,추진,실시설계용역,장자못,수질,개선,사업,설계,용역,발주,시내,철쭉,그루,개나리,그루,장미,그루,도시녹화사업,대대적,지방자치난체,민자,한솔제지,유치,처근,하수,슬러지,소각로,완공,생활쓰레기,제활용,5백,가구,공동,주택,음식물,쓰레기,수거,사료화,지역,균형,발전,도시기반구축,지역주민간,치열,유치경쟁,중앙선,복선,전철,구리,역새,위치,중재,계획,LG,백화점,뒤편,확적,천호대교,사가정로,토평동,암사동간,도로,공사,왕숙친,제방,도로,계획,추진,사통팔달,교통망,구축,천망,인창동,서울,신내동,연결햐,미집행,도시계획도,노력,확정,완공,예정,도로,철도폐선,이용,5백억,예신,절감,고가설치,토지보상비,복지즘진,불우가정,자녀,딤0명,5억,2백,학비,장학금,지급,40명,상하수,관리,사업소,직원,사희복지시설,생활,보호,대상자,가정,전기,기계,삼수도,안전확인,정비작업,장애인,긷천6,생계비,지원,수택동,27어,투입,장애인재,활복치관읔,착곳,시미,보건,인창동,신축중,문화처l육진홍,시장,문화쳬육도시건설,열정,지단,창단,한구리,시민,교향악단,적극,지원,4차례,연주희블개최,시민화,정서함양,기여,배주,금요일,시청,무료,영화,상영,발굴조사,아차산,보루섬,발굴,조사,1백,고구려,유물,출토,학계,관심몰,전국,최강,팀워크,자랑,구리시리틀야구단,야구육성,지역화합,차원,지밤자치단체,구리시장기,전국리틀,야구,대회,주관,19일,개최,청소년,건전,육섬,전국,종합계획,청소년,건전,육성,종합,계획,주도,청소년지원위원회,구성,관내,고교,관내,고교,청소년,인사,대상,청소년,상담,기법,초청강연,청소년들,놀이마당,확충,수택동,인창동,청소년체육꽝장,조성,구리시,시민,전국,최고,교육,문화도시건설,지역발전,기틀,각종,시책,추진,사진,구리시청사,전경,12월,창단연주회,개최,이수,비약,발전,구리시민오케스트라,신년음악회,九里,金奎植,siggle,kyeongin.com","구리,인창동,소각로,중소기업,뒤편,아차산,착곳,1백,장자못,왕숙친,5억,경쟁력,朴榮舜,신내동,수택동,구리시장기,인간심,이수,도시계획도,계획도,발걸음"
1999-06-19,전남일보,뱃길따라 영산강 탐사 '바다문화학교' 수강생,지역-부산,"뱃길,바다문화학교,영산강,탐사,바다,문화,학교,수강생,60여명,국립,해양,유물,전시관,바다,문화,학교,학생,유람선,뱃길,영산강,역사,문화탐사,나불,영암군,삼호면,유람선,선착장,함평,사포다리,60여km,탐사대,목포대,고석규,역사문화학부,교수,향토사학,윤여정씨,강사,참석,영산강,유래,지명,역사유적,해양유물전시관,한차례,수강,모집,바다문화학교,운영,개강,종강","영산강,바다문화학교,유람선,수강생,해양유물전시관,전시관,삼호면,영암군,60여km,윤여정씨,탐사대,사포다리,목포대,윤여정,향토사학,함평,고석규,선착장,한차례,역사문화학부,역사유적,나불,60여명,뱃길,문화탐사,역사,문화,탐사,국립,학생,학교,바다,개강,해양,사학"
1999-07-03,동아일보,동정,사회-여성,"동정,동정,정상구,鄭相九,한국다도,茶道,협회장,부산여자대학,다촌,문화관,제3회,시상식,다촌,다문화,정진원,鄭鎭元,고운빛여성합창단장,반서울,음악당,서초동,예술의전당,정기,연주회,안무혁,安武赫,한국발전연구원이사장,개원9주년,오키드룸,서울,인터컨티넨탈호텔,오키드,이한우씨,방송인,초청,한국,한국인,주제,조찬강연회,김병수,金炳洙,연세대총장,3일,오전10시,연세대중앙도서관,귀중본,열람실,루스벨트국제센터,루스벨트도서실,개소식,최봉인,崔峰寅,재경광주전남향우회장,재경목포중고,동창회장,서울,소공동,롯데호텔,한마음모임,목포중고,동문,한마음,모임","다촌,서울,연세대중앙도서관,목포중고,예술의전당,인터컨티넨탈호텔,한마음,정상구,김병수,강연회,조찬강연회,한국인,개소식,최봉인,도서실,金炳洙,崔峰寅,한국,한국발전연구원이사장,安武赫,연세대총장,루스벨트,안무혁,재경광주전남향우회장,한국발전연구원,루스벨트도서실,연세대,연주회,鄭相九,재경광주전남향우,방송인,이사장,루스벨트국제센터,고운빛여성합창단장,고운빛,한국다도"
1999-07-06,동아일보,佛TV 인종차별 조장 인권단체 소송 착수,국제-유럽_EU,"TV,인종,차별,조장,착수,인권,단체,소송,TV,인종,차별,조장,착수,인권,단체,소송,범죄자,배역,흑인,黑人,앵커,사회자,프랑스,프랑스,인구,흑인,유색인,10%,700만,프랑스,TV채널,프로그램,나시사,교양,프랑스인,사실,백인,전유물,프랑스,반인종차별단체,집단,평등,TF1,TV방송,사장들,상대,인종차별,소송,착수,프랑스,TV,방송,흑인,프랑스,소수,인종,차별,조장,흑인공동체,도덕,편견,주장,집단평등,TV,일정,비율,흑인,출연,TV쿼터제,요구,집단,평등,대표,흑인,작가,칼릭스,베얄,프랑스,대표적,다문화,다인종,사회,TV,이미지,흑인,불평,TV시리즈물,영화,등장,흑인들,살인,마약,밀매,절도,범죄자,배역,유로비전,콘테스트,프랑스,흑인대표,출전,우르쉴리,모델,가수,조엘,프랑스인들,영국,프랑스,인종차별,영국,TV,흑인앵커,사회자,지적,프랑스,TV,프로듀서,프랑스어,외국,사람,악센트,완벽,구사,흑인,사회자,기용,변명,영국,타임스지,흑인,사회자,프랑스TV,프랑스,인종,편견,차별,사회,본보기,지적,파리,김세원특파원","프랑스,tv,영국,사회자,프랑스인,인종차별,조엘,유로비전,베얄,다문화,우르쉴리,범죄자,김세원,프랑스어,사장들,집단평등,나시사,다인종,시리즈물,칼릭스,흑인들,유색인,700만"
1999-07-12,세계일보,(설왕설래)이민자 수난시대,국제-미국_북미,"이민자,수난,시대,多文化主義,다문화주의,신봉자,교수,뉴욕시립대,제프리스,백인우월주의,비판,사람,멜라닌,색소,결정,멜라닌,색소,논리,흑인,히스패닉계,아시아계,유태인,미국인,유럽,선악,정도,결정,다문화주의자들,주장,동조,미국,인종들,다문화,국가,이민자들,천국,기회,미국,이민,이민자들,제약,강화,백인우월주의,광신,백인,우월주의,고개,백인청년,유색,겨냥,총격,사건,한국인,유학,포함,2명,사망,10명,부상,사건,유태인,흑인,아시아인,소수민족,피해자,범인,백인,우월주의,신봉,창조주,세계교회,신도,교회,인터넷사이트,백인,자연,우수,창조물,인종,팽창,발전,목적,정신병,왜곡,우월주의,미국,편견,증오,그룹,KKK,클럭스,클랜,크리스천,아이덴티티,신나치,그룹,스킨,헤드,4백,단체,파악,미국,언론,로원,미국내,인종전쟁,인종간,갈등,증오범죄,경고,국가기관,인종,차별,폭력,뉴욕,경찰,소수민족계,가혹,무장,흑인,총탄,비난,세기전,이민자,당도,뉴욕항구,자유,여신상,상징,느낌","미국,이민자,다문화,우월주의,백인우월주의,뉴욕,유태인,한국인,뉴욕시립대,제프리스,아시아인,이민자들,클럭스,클랜,여신상,신도,2명,세계교회,인터넷사이트,4백,유럽,창조주,아시아계,정신병,세기전,히스패닉,多文化主義,신나치,소수민족계,로원,피해자,신봉자,미국인,아시아,국가기관,뉴욕항구,증오범죄"
1999-07-16,충청투데이,올 피서,문화-학술_문화재,"피서,마련,문화재,탐방,문화재청,방학,프로,문화재청,여름방학,청소년들,문화재,이해,프로그램,마련,경복궁,5대궁,19일,다음달,마련,고궁,청소,년문화학교,궁궐,역사,건축,유물,현장설명,국립문화재연구소,설립,주년,기념,어린이,여름,문화재학교,경북,안동,개최,행사,하회마을,고가,古家,마을구조,도산서원,선생,퇴계,이황,현장,탐방,위주,목포,국립,양유물전시관,세계,각국,수집,특별전,세계,모형배,어린,바다문화학교,마련,서울,궁중,유물,전시관,일반인,궁중문화,특별,강좌,金龍連","문화재,문화재청,궁중문화,어린,퇴계,다음달,이황,서울,모형배,전시관,하회마을,古家,마을구조,金龍連,안동,년문화학교,경북,주년,도산서원,5대궁,바다문화학교,문화재학교,일반인,국립문화재연구소,각국,경복궁,청소년들,연구소,특별전,양유물전시관,목포,현장설명,여름방학,마련"
1999-07-31,매일신문,"포항,울산서 여름문학축제",지역-경남,"포항,울산,여름문학축제,파도,포항,울산,동해바다,산업도시,여름문학행사,8월,여름,시인학교,15일,울기공원,울산,방어진,현대예술관,한마음회관,동시,바다문학제,울산,바다,문학제,포항지역,시인들,모임,푸른시,동인,주관,문협,포항,지부,포항문예아카데미,후원,여름,시인학교,포항지역,여름,시인,학교,대학생,일반인,대상,프로그램,시인,이하석,초청,시인,대화,시낭송회,백일장,여름,생각,프로그램,마련,울산바다문학제,추진위원장,최일성,화합,물결,주제,문화,축제,바다문학제,김종길,성춘복,이태수,이성선,이동순,송재학,정채봉,김광림,한승원,문충성,김정란,하일지,전국,문인,울산,지역,문인,100여명,문인,참가,행사,문화,미술,만남전,재막,울산학춤,공연,전통다,시연회,시작,이날,울기공원,초중고생,일반,인울,대상,울산,바다,백일장,대상,수상자,해양수산부장관상,문학,시작,14일,수필교실,시조교실,초청강연회,시인,이동순,초청,강연회,동화,작가,정채봉,동화특강,차례,야외특설무대,울기공원,야외,특설,무대,99울,바다문화,15일,소설가,시인,김정란,극작가,김광림,평론가,박태일,문학정담,소설가,한승원,바다,소설,이야기,마당,울산,바다,문학제,추진,위원회,산업,도시,울산,이미지,탈피,문화도시,면모틀,마련,문학축제,2002년,울산,바다,문학제,세계문학축제,확대,계획","울산,울기공원,문학제,포항,김정란,이동순,소설가,정채봉,김광림,울산바다문학제,한승원,백일장,산업도시,바다문학제,평론가,이틀간,문협,김종길,죽북분교,방어진,포항지역,울산학춤,재막,한마음,전통다"
1999-07-31,중앙일보,흑인여성 패트리셔 재닛 영국 내각 최초 입성,국제-유럽_EU,"내각,흑인,여성,패트리셔,재닛,영국,입성,사상,영국,내각,흑인,여성,차관,탄생,총리,토니,블레어,영국,단행,인사,외무차관,임명,패트리셔,재닛,주인공,도미니카,출신,재닛,인종평등위원회,활동,여남작,스코틀랜드,종신귀족,칭호,상원의원,영국,상원,3명,흑인의원,재닛,11명,남매,영국,이민,학교,선생,슈퍼마켓,점원,보수적,영국,사회,흑인여성,런던대,입학,법학,공부,대학시절,현실,직시,성공,의문,교수,의지,향학열,결국,실력,흑인,여성,영국여왕,법정,변호인단,임명,4월,인종차별주의자들,살해협박편지,앞날,블레어,총리,재닛,기용,영국,정가,모험,분위기,21세기,다인종,다문화,포용정책,정치적,실천,94년,밀레니엄위원,재닛,마휘니,남편,리처드,아들","영국,재닛,흑인여성,블레어,패트리셔,리처드,스코틀랜드,영국여왕,토니,포용정책,다문화,다인종,대학시절,향학열,21세기,살해협박편지,밀레니엄위원,슈퍼마켓,주의자,위원회,종신귀족,외무차관,도미니카,여남작,인종차별주의자들,마휘니,상원의원,앞날,변호인단,런던대,3명"
1999-08-02,경향신문,-20세기의 얼굴- (29.끝)인종갈등,국제-유럽_EU,"20세기,얼굴,29.끝,인종갈등,역사,민족분쟁보스니아,체첸,르완다,코소보,유럽,소련,아프리카,대표적,민족분쟁,인류,냉전종식,국제질서,형성,냉전,민족간,분쟁,자리,핵전쟁,아마겟돈,도래,걱정,인종청소,공포,국제사회,엄습,20세기,분쟁,갈등,시대,만큼,역사,점철,세기,전반,세계,대전,지구,참화,인류,후반,지역분쟁,경험,분쟁,진행형,분쟁,근저,인종,민족간,갈등,자리,민족,피부,신체적,특징,개념,인종,일정,지리,범위,공동생활,언어,종교,풍습,정치,경제적,제도,문화요소,공유,형성,역사적,문화적,공동체,의미,20세기,민족,민족국가,nation,state,형성,시작,민족국가,근간,이념,민족주의,nationalism,민족주의,민주주의,사회주의,제3,이데올로기,중요,만큼,세기,흐름,한줄기,홉스봄,역사학자,에릭,민족주의,원초,일체감,이데올로기,정치,사회적,변동,지배엘리트,대중,효과적,정치,메커니즘,파악,민족분쟁,민족구성원,차이,문화,차이,주변,국가,이해관계,정치,목적,발생,민족,갈등,동일,지리,범위,이민족간,갈등,대립,영토,민족,거주,민족,종교적,문화적,특성,차이,민족문제,야기,마련,보스니아,내전,중동,아랍인,유태인간,갈등,르완다사태,민족분쟁,민족,국가,거주,국가,건설,분쟁,발생,강대국,이해관계,국경선,결정,민족,국가,거주,소련,지배,러시아,동유럽,지역,발생,민족분쟁,종교,결합,폭발력,상상,초월,세기,최후,최대,비극,구유고연방,보스니아,내전,대표,사례,나치,독일,유태인,학살,인종주의,우월,비극,역사적,1차,대전,유럽,골칫덩이,오스만투르크,러시아,오스트리아,헝가리,제국,해체,성공,민족문제,해결,본격적,민족주의,실현,냉전,제3세계,등장,2차,대전,종전,제3세계,독립,식민주의,청산,긍정,측면,신생,독립국,인위적,국경선,획정,후유증,열강들,대리전장,전락,아픔,중반,르완다사태,식민주의자들,분할,통치,폐해,상징적,벨기,르완다,통치,분리통치,전형,소수,민족,우대책,후투족,출신,대통령,르완다,부룬디,비행기,폭발,사고,촉발,르완다사태,3개월,7백,인구,1백만,인구,보복,베를린,장벽,붕괴,소련,해체,사회주의권,몰락,민족문제,수면,냉전,최후,최악,위기지역,발칸반도,1차,대전,원인,제공,발칸,지역,90년대,보스니아,내전,코소보사태,유고,지도자,티토,사망,분열,조짐,유고연방,소련,붕괴,유고연방,1연방,4언어,5민족,6공화국,구성,민족,종교,언어,백화점,유엔,승인,보스니아,독립,계기,촉발,보스니아사태,이슬람,크로아티아계,연합세력,세르비아계,피비린내,싸움,3년,개월,희생자,알바니아,강경파,코소보해방군,KLA,본격적,무장독립투쟁,시작,코소보사태,세르비아계,알바니아계,인종청소,북대서양조약기구,NATO,개입,초래,사회주의,맹주국,소련,예외,소련,원칙,애초,연방주의,소수,민족,우대,정책,인민,권력,상호관계,유지,스탈린,중앙집권화,강제이주정책,단행,민족분쟁,불씨,발생,체첸사태,대표적,분쟁,아르메니아,아제르바이잔,그루지야,등지,소수,민족,독립,투쟁,스리랑카,타밀족,필리핀,모로족,중동,쿠르드족,스페인,바스크족,중국,티베트족,북아일랜드,기독교도,분리,독립,분쟁,민족,열거,정도,인종,도가니,Melting,Pot,미국,융합,정책,흑인폭동,야기,환상,미국사회,주류,백인문화,소수문화,지배,홉스봄,세계화,진행,민족국가,영역,축소,전망,경제,관점,세계화,진행,정치적,관점,민족국가,존재이유,세계,민족,이름,폭력,학살,자행,21세기,목전,인류,머리,민족,유령,도움말,교수,윤덕희,명지대,교수,박상미,한국외대,양동주,박사,동유럽발칸학회,인종분쟁,민족분쟁,연표,세르비아,청년,오스트리아,황태자,암살,우드로,윌슨,민족,자결주의,천명,건국,48.5,이스라엘,중동,전쟁,중동전쟁,중동,전쟁,학살사건,60.3,남아공,샤프빌,흑인,학살,사건,중동전쟁,67.6,중동,전쟁,인종분쟁,부룬디,인종,분쟁,중동전쟁,73.10,중동,전쟁,74.7,터키,키프로스,침공,75.12,인도네시아,동티모르,침공,합병,소웨토사태,76.6,남아공,소웨토,사태,사망,티토,유고,대통령,80.9,이라크,전쟁,폐지,남아공,아파르트헤이트,정책,해체,91.12,소련,92.2,보스니아,헤르체고비나,독립선언,92.5,95.12,보스니아사태,발발,94.4,르완다,사태,94.6,넬슨,만델라,남아공,대통령,취임,발발,94.12,체첸,사태,98.2,99.6,코소보사태,99.3,나토,시작,유고,공습,전망,세기,민족주의,민족갈등,극복,냉전,종식,민족갈등,해소,민족분규,화두,세기,민족주의,전망,낙관,비관,교차,전자,자유주의,승리,세계화,진전,국가,민족,구분,민족주의,병폐,치유,주장,후자,세계화,진전,뿌리,집착,민족,일체감,집착,입장,주장,톱니바퀴,미지,미래,형국,과거,인류,민족갈등,극복,대안,생각,지역,공동체,구상,연방제,유럽경제공동체,후신,유럽연합,EU,중요,사안,발휘,소련,유고연방,사례,연방제,실패,일반적,진단,노력,별도,미국,강대국들,자신들,이해관계,선별적,개입,본질적,한계,강대국들,코소보사태,무력개입,주저,아프리카,분쟁,수수방관,현실,문화인류학자들,주류문화,소수문화,융합,문화,존중,다문화주의,민족,화합,대안,제시,인종간,차이,인정,사회구조,맹점,지적,미국,80년대,주류,자리,한편,중반,체코,폴란드,중부유럽,지식인,사이,전개,중부,유럽,문화,민족주,극복,움직임,주목,중부유럽,사회주의,몰락,사회,갈등,덕분,문화,운동,체코슬로바키아,체코,슬로바키아공화국,평화,분리,성공,사례,중부유럽,방식,한반도,적용,진행,교수,윤덕희,명지대,한국,중국,일본,유교문화권,유대감,외부,헤게모니,대응,내부,민족,갈등,극복,단일민족,정체,과잉,배타,민족주의,배양,토대,차단,설명","민족주의,소련,보스니아,르완다,남아공,중동,20세기,유럽,미국,민족간,사회주의,중부유럽,중동전쟁,만큼,민족분쟁,일체감,이해관계,민족갈등,21세기,코소보,르완다사태,세르비아,유고연방,세계화,강대국,코소보사태,부룬디,체첸,아프리카,중국"
1999-08-03,중부매일,민예총충북지회 청주 문학통권 8호출간,문화-학술_문화재,"민예총충북,지회,청주,문학통,출간,한국민,예총,충북,지회,문학,위원회,위원장,도종환,반년지,발행,청주,문학,통권,제8집,출간,제8집,6월,제1,제주,충북,교류사업,지역,문회,예술,교류,사업,99섬,문학,내륙,문학,세미나,논문들,내실,글들,느낌,교수,김승환,충북대,다문화시대,문화자본,문화,국가,제주,충북지역,문인들,6편,교수,권순긍,세명대,한시,창의적,교수,신범순,서울대,오장환시,여로,의미,교수,이재철,단국대,해방공간,비판,리얼리즘,글들,무게,특집,감지꽃,시인,권태응시인,4일,22일,피란중,동요,동시,40편,산골마을,작품집,산골,마을,연속기획,보은,작품활동,몰두,송찬호,시인,육필원고,작품론,신작시,볼거리,제공,정진명시인,죽음,송찬호론,시세계,기형도,비교,기형도,군더더기,해골,죽음,이미지,송찬호,죽음,현란,생동감,이미지,생명,수상작들,청주,문학,수상작,전미라씨,연화사,최영종씨,소설,당선,소감,심사,회원들,소설,수필,작품,오페라,직지,대본,이훈재","청주,송찬호,충북,제주,글들,기형도,작품집,제8집,한국민,제1,예총,수상작들,단국대,이재철,신범순,서울대,세명대,권순긍,충북대,김승환,교류사업,연속기획,연화사,전미라,피란중,도종환,회원들"
1999-08-06,국민일보,(미션로드) LA(미국) -上-,문화-종교,"LA,미국,로스앤젤레스,미국,캘리포니아주,한국,면적,한반도,캘리포니아주,미국,알라스카,텍사스,규모,지중해,기후,자연조건,캘리포니아주,중심,LA,자리,코리안타운,한국말,선명,입간판,왕래,사람들,친숙,재외동포재단,미주,한국,총영사관,관할,지역,기준,조사,한인인구분포,미국내,2백,한국인들,LA,공식적,65만,한인들,활동,불법체류자,포함,70만,한인,추정,미국,최대,한인,거주,지역,포함,세계,지역,LA,한인,교회,중심,생활,여행자들,한인타운,한인들,거주,인근,어바인,세리토스,오렌지카운티,등지,한인교회,십자가,발견,한국,교회,외면,이민자들,LA,교회,LA,교회,단순,예배처소,이민자들,애환,사회적,장소,LA내,한인가운데,그리스도인,통계수치,교계,인사들,60%이상,한인들,교회,간접적,한인교회,미국,최대,한인,교회,나성영락교회,박희민목사,70%정도,한인,정도,교회,25%이상,열성적,신앙생활,박목사,과거,90%이상,이민자들,교회,출석,비율,지적,LA,인근지역,1천,한인교회들,교회,숫자,1천,사람들,수치,교회,한인들,신앙심,얼마,부정적,지적,자격,목회자들,교역자,권위,인정,성도들,화합,교회풍토,분열,LA,교회,빈자리,한인,대기,목회자,1천,사실속,구별,LA,한인,교회,그림자,디아스포,한인들,신앙,열매,교회,성장,폄하,교회,미션,LA,가능,한인교회들,세계,선교,비전,한국인,미국,이민,1903년,시작,하와이,취업,이민,본격적,시작,101명,한국최초,이민단,인천항,하와이,호놀룰루,도착,사탕수수,농장,배치,이민지원자들,1904년,3천,34명,1905년,2천,59명,사람들,LA,한인이민,초기,캘리포니아,한인,이민,기틀,나성한인연합장로교회,LA한인연합감리교회,로벗슨교회,1900년대,창립,LA지역,초기,한인,교회,1904년,창립,LA한인연합감리교회,1906년,시작,나성한인연합장로교회,LA,지역,한인,복음,씨앗,매그놀리아길,LA,기숙사,한인,셔먼선교사,성경공부,시작,LA한인연합감리교회,세월동안,분규,자리,주년,기념행사,교회,2004년,1백,주년,준비,기념사업회,구성,선교,걸음,시작,제퍼슨가,나성한인연합장로교회,LA지역,실질적,모교회,시절,한인,이민,사회,동고동락,교장,평양신학교,모펫선교사,LA,거주,한인들,이민교회,필요성,인식,방화중,전도사,교회,시작,기원,교회,남가주,한인교회들,일제하,LA,민족운동,교회,중심,교회,도로,스퀘어,도산,안창호,표시,표지판,특색,안창호선생,교회,중심,활동,기념,LA,당국,명명,이름,교회내,도산선교센터,이름,건물,과거,일제,시대,망명인사들,유학생,중심,구성,한인국민회의,북미,본부,사용,유서,장소,북미주,한인,신한민보,발행,사진,이승만,미국망명,교회,방문,성도들,야외,그동안,분열,교세,위축,교인들,부임,양인석목사,역사,몸부림,목사,우리교회,역사,미주,한인,이민,교회,역사,역사성,이민사회,봉사,교회,사명,선교,LA,한인교회,나성영락,박희민,동양선교,임동선,나성한인,김영진,은혜한인,김광신,베렌도한인침례,박성근,어바인베델,손인식,미주성산,신성종,남가주사랑의교회,오정현목사,대형,교회들,온누리,유진소,로고스,강준민,조이펠로우십,박광철,코너스톤교회,이종용목사,새바람,부상,교회들,21세기,준비,교회,성도,존립,발버둥,교회들,LA지역,한인,복음,파이팅,LA,이민교회들,열정,헌신,대변,한국교회,장점,정직,신실,미국교회,장점,다문화속,세계화,교회,잠재성,한인교회,한국교회,미국교회,다리역할,세계선교,역할,한국교회,동역,기도,대상,LA,이태형","한인,la,미국,한인들,한국,한인교회,미국내,1천,캘리포니아주,안창호,하와이,성도,도산,나성한인연합장로교회,미주,한인교회들,박희민,목회자,이민자들,선교사,사람들,교회들,한인연합감리교회,한국교회,이민자,한국인,이승만"
1999-08-07,동아일보,동정,문화-미술_건축,"동정,양호일,梁浩一,한양대교수,8일,경기,광주군,곤지암백불동미술관,서울디지털일러스터협회,주관,회갑기념문집,그림여자,그림남자,출판기념회,정공채,鄭孔采,한국현대시인협회장,7,,부산정보대,미강홀,현실,미래,주제,세미나,송자,宋梓,명지대총장,퀸즐랜드국립대학,호주센트럴,문화축제,한국대표,공연,민속무용단,인솔,출국,엄서호,嚴瑞浩,관광문화운동시민연대,대표,김포공항,해외,여행객,대상,건전관광,Korean,배지,캠페인","김포공항,미강홀,호주센트럴,부산정보대,양호일,梁浩一,서울,송자,회갑기념문집,기념회,정공채,서울디지털일러스터협회,宋梓,한양대교수,鄭孔采,곤지암백불동미술관,명지대총장,기념문집,출판기념회,건전관광,여행객,민속무용단,무용단,한국현대시인협회장,한양대,광주군,명지대,嚴瑞浩,한국대표,그림여자,관광문화운동시민연대,엄서호,그림남자,한국,한국현대시인협회,문화축제,퀸즐랜드국립대학,korean,관광,그림,문화,대표"
1999-08-09,부산일보,(동정),문화-전시_공연,"동정,동정,참석,인터넷,플라자,개소식,주현정,부산체신청장,6일,남부산우체국,정보교육센터,인터넷,플라자,개소식,참석,이날,개소식,정보교육센터,부산,전시회,무궁화,사진,총재,김정희,한국무궁화회,부산대,여의사회,회장,중앙홀,국회의원,회관,중앙,나라꽃,무궁,사진,전시회,한방,의료,봉사,활동,한의대학장,안창범,동의대,1백,한의과,학생,구성,의료봉사단,구성,경남,남해군,일원,한방,의료,봉사,활동,예정,출국,다문화,축제,참가차,송자,명지대,총장,국립대학,호주,센트럴,퀸즐랜드,개최,다문화축제,참가,민속무용단,인솔,6일,출국","개소식,다문화축제,나라꽃,참가차,전시회,호주,송자,중앙홀,퀸즐랜드,한국무궁화회,안창범,동의대,한의과,김정희,정보교육센터,경남,다문화,부산,민속무용단,무용단,여의사회,명지대,국회의원,부산대,국립대학,한의대학장,부산체신청장"
1999-08-10,문화일보,-진철수 칼럼-볼테르의 야자나무,국제-유럽_EU,"진철수,칼럼,볼테르,야자나무,프랑스,볼테르,계몽,철학자,영국광신자,英國狂信者,숭배자,만큼,영국,프랑스,풍자시,투옥,영국,망명,영국사회,자유,자유,영국,법률,보장,나라들,법률,채택,계몽,사람들,생각,볼테르,생각,야자나무,인도,로마,반문,볼테르,대답,영국,야자나무,열매,시작,영국,多文化,사상,천국,이야기,출판,이언,부루마,저서,영국광,Anglomania,소개,이언,부루마,인터뷰,영국,민주,정치,견해,가지,관심,미국,사회,요즘,영국,사회,외부인들,outsider,동화,사회,지적,프랑스,프랑스사회,이슬람,여학생,차도르,등교,저항,영국사회,영국,시민,정치,개념,프랑스,인종,차이,정치,상황,영국,미국,포용력,사회,정치체제,경제제도,산물,문화,산물,영국,상류사회,유능,사람,재력가들,해면,영화배우,작위,나라,영국,귀족,사회,폐쇄적,카스트제도,전통적,인재,등용,사회,저자,부루마,영국사회,장점,관료중심적,중앙집권적,동질성,강조,프랑스,제도,대비,부각,볼테르,도버해협,세기,중엽,국민,저항,권한,제약,나라,영국,감탄,볼테르,아이작,뉴턴,장례식,지식인,존경,프랑스,상황,정반대,볼테르,국민성,차이,영국,사람,기질,개인,존중,전통,생각,프랑스,사람,고양이,기질,볼테르,중요,자유,이성,산물,이성,세계,보편,생각,볼테르,영국,숭배,유럽,사람,사람,셰익스피어,심취,괴테,영국,사람,영어,구사,한탄,영국,볼테르,시대,망명가들,피난처,역할,나라,유럽,왕정,공화제,혁명들,실패,유럽,혁명가,절반이상,런던,과언,부루마,지적,뿌리,자유,민주주의,사회,특성,유럽,국가,혈연,지연,중시,경향,요약,지방색,정치,정당들,나라,상황,모델,정치풍토,지방색,배제,정치,풍토,영국,미국,민족들,수용,다민족,사회,형성,복수,문화,세계,무대,활동,유리,입장,유의,보조,지방색,탈피,글로벌,다문화,세계,지향,단계,도약,볼테르,야자나무,형편,네덜란드,영국,반씩,부루마,프랑스,독일,지배,유럽,영국,통합,영국,특성,균형,유럽","영국,볼테르,프랑스,유럽,부루마,지방색,야자나무,미국,영국사회,사람들,多文化,만큼,철학자,영국광,중앙집권적,여학생,동질성,이슬람,혁명들,망명가,차도르"
1999-08-21,매일신문,美 대학원서 한국어교사 양성,사회-교육_시험,"대학원,한국어,교사,양성,주립대학계열,미국,캘리포니아,주립,대학,계열,칼스테이트,폴리테크닉,약칭,포모나,폴리,대학원,10월,1년,한국어,교사,양성,개설,포모나,로스앤젤레스,카운티,소재,대학,20일,년간,다문화정책,일환,급증,한국교포학생,유학생,한국어,관심,외국인,요청,대학원,한국어,교사,양성,프로그램,개설,대학원,한국어,교사,양성,마련","한국어,대학원,포모나,캘리포니아,미국,폴리,로스앤젤레스,다문화,한국교포학생,다문화정책,한국교포,폴리테크닉,칼스테이트,유학생,외국인,주립대학계열,양성,대학,개설,카운티,프로그램,일환,정책,급증,추진,학생,약칭,계열,마련,주립,소재,유학,요청,관심,교사"
1999-08-23,세계일보,美대학원 한국어교사 양성과정 신설,사회-교육_시험,"대학원,신설,한국어,교사,양성,미국,캘리포니아,주립,대학,계열,칼스테이트,폴리테크닉,약칭,포모나,폴리,대학원,10월,1년,한국어,교사,양성,개설,포모나,로스앤젤레스,카운티,소재,대학,20일,년간,다문화,정책,일환,급증,한국교포학생,유학생,한국어,관심,외국인,요청,대학원,한국어,교사,양성,프로그램,개설,대학원,한국어,교사,양성,마련,칼폴리,포모,대학,전정,교수,언어학,대학측,설립,재원,연방정부,확보,대학,학국어학과,양성과정,한국어,공립,교사,양성,프로그램,미국내,주말,한국학교,교사,연수,프로그램,대학측,후속조치,논의중,로스앤젤레스,총영사관,서성진,교육원장,한인들,거주,남캘리포니아,고교,한국어,교사,요구,전공,학사학위,소지,사람,지원가능,캘리포니아주,오렌지카운티,풀러턴,4년,사립,종합대,대학,호프,인터내셔널,HIU,17일,대학,10월,1년,한국어,교사,양성,정원,20명,신설,Contact,towebmaster,segyetimes.co.krfor,information","한국어,대학원,로스앤젤레스,포모나,양성과정,풀러턴,캘리포니아주,인터내셔널,캘리포니아,폴리,미국,대학측,미국내,towebmaster,남캘리포니아,한인,한국교포학생,한인들,다문화,한국교포,지원가능,교육원장,학사학위,연방정부,서성진,폴리테크닉,논의중,유학생"
1999-08-23,경남신문,미 대학원도 한국어 교사 양성과정 신설,사회-교육_시험,"대학원,한국어,교사,양성,신설,캘리포니아,주립대,계열,1년,미국,캘리포니아,주립,대학,계열,칼스테이트,폴리테크닉,약칭,포모나,폴리,대학원,10월,1년,한국어,교사,양성,개설,포모나,로스앤젤레스,카운티,소재,대학,23일,년간,다문화,정책,일환,급증,한국,교포,학생,유학생,한국어,관심,외국인,요청,대학원,한국어,교사,양성,프로그램,개설,대학원,한국어,교사,양성,마련,칼폴리,포모,대학,전정재,교수,언어학,대학,설립,재원,연방정부,확보,대학,한국어학과,양성과정,한국어,공립,교사,양성,프로그램,미국,교사,주말,한국학교,연수,프로그램,캘리포니아주,오렌지카운티,풀러턴,4년,사립,종합대,대학,호프,인터내셔널,HIU,17일,대학,10월,1년,한국어,교사,양성,정원,20명,신설","한국어,캘리포니아,대학원,양성과정,미국,포모나,풀러턴,인터내셔널,캘리포니아주,폴리,로스앤젤레스,한국학교,다문화,연방정부,폴리테크닉,한국,종합대,칼폴리,외국인,유학생,오렌지카운티,칼스테이트,포모,전정재"
1999-08-25,문화일보,-시론-호주의 '아시아化',경제-경제일반,"시론,호주,아시아,지리적,아시아,인종적,백인인구,오스트레일리아,호주,아시아국,2차,대전,아시아인,위협,Yellow,Peril,위기의식,아시아,유럽,지향,유색인종,호주,전후,국제,환경,변화,아시아,일원,변모,아시아화,Asianization,매스컴,주시,의원,여성,극우주의자,폴린,넬슨,한나라당,목소리,선거패배,호주인들,유럽,고개,아시아,아시아,달러,축적,이웃,황화,黃禍論,대상,호주,아시아화,학교,언어교육,중등학교,한국어,인도네시아어,일본어,중국어,과목,필수,선택,나라,세계,인도네시아어,초등학교,아시아화,정부,적극,권장,지원,학위과정,아시아어,학위,개설,머독대학,학생들,연수,해당국,어학,정부,생활비,지원,한국학,퀸즐랜드,그리피스대학,정부지원,10권,한국어,학습,비디오테이프,제작,학생들,배부,아시아화,정책,아시아지역학,호주학생,88년,95년,대학,호주,한국학,동양학부,설치,일본학,1910년,중국학,1955년,한국학,1991년,한국학,설치,시드니,국립대학,23명,한국학,학생,한국학,동양학부,설치,일본학,중국학,독립학과,전임교수,도서,호주,학자들,뉴질랜드,한국학,학자,대양주한국학협회,KSAA,설립,KSAA회의,KSAA,회의,준비중,호주,아시아화,아시아,교육당국,장래,세대,세계화,세계,설명,호주,정부,국정보고서,White,Paper,15년,국제환경,주목,변화,세계화,동아시아,부흥,전망,태지역,1차,무역,외교,대상국,이익증대,상호협력,강조,1965년,아시아,호주,수출,12%정도,오늘날,아시아,호주,수출,시장,60%,차지,호주,대수출,시장,아시아국,12개국,한국,일본,20.0%,미국,8.9%,7.3%,3위,수출시장,한국,98년,수출,달러,수입,달러,18억,달러,무역역조,통상,호주,한국,관광객,25만,미국,일본,영국,6번,호주,아시아화,배경,다문화국가,변모,수년,아시아,이민,급증,아시아인,1천,30만,호주,호주,인구,차지,다민족국가,아시아문화,사회,조화,아시아,교류,협력,증진,지난주,시드니,한국언론재단,호주측,한재단,공동주최,제1회,호미디어포럼,양국,언론,30여명,포럼,양국,이해,증진,언론,관심,시각,역할,적극,보도,강조,호주,적극,21세기,미래,대비,아시아,세계,지혜,전략,文明浩,논설,실장,시드니에서","호주,아시아,한국학,아시아화,한국,일본,제1회,아시아인,대상국,중국학,비디오테이프,시드니,한국어,미국,유럽,인도네시아어,아시아국,文明浩,넬슨,대양주한국학협회,아시아어,일본학,영국,해당국,세계화,학생들,수출시장"
1999-08-26,부산일보,큰교회보다 작은 교회 지향하겠다',문화-종교,"교회,교회,지향,교회,교회,지향,정명조,주교,64.세례명,아우구스티노,28일,부산,수영구,남천동,주교좌,남천성당,착좌식,천주교,부산,교구,교구장,취임,25일,부산교구청,부산,수영구,남천동,기자회견,가난,소외,교회,사목방침,회견,취임,소감,초대,교구장,최재선,주교,기도,마음,제2대,이갑수,주교,사랑,마음,부산교구,기틀,결실,노력,기자회견장,안녕,인사,주교,중간,중간,웃음,유머,메모,회견,부산교구,현황,부산교구,밀양,부산,울산,양산,김해,본당,2백,사제,부산,교구,관할,지역,인구,34여만,천주교,신자,사목방침,3가지,애향심,신자들,자리,소금역할,고민,불우,사람,소외,사람,교회,가난,발길,교회,교회,지향,선교,박차,부산교구,인구대,신자,비율,6.37%,한국,가톨릭,평균,8.3%,미달,종교,다원주의,견해,한국,3백,종교,한국인들,심성,생활,바탕,무속,유교,21세기,다문화시대,종교,시대,종교,배타시,시대,부산교구,부산,시작,종교,대화,모임,소극적,천주교,특유,주일미사,제외,결국,인간,인간,종교들,상통,종교,노력,군대생활,절도,선입견,정반대,생각,다행,농담,주교,군종신부,20년,초대,군종교구장,9년,월남전,파견,부산교구,특별,기억,부산교구,신부,거창성당,범일,진해,보좌신부,봉직,부산,교구,마산교구,경남,거창성당,부산교구,인연,거제,고향,거제,마산교구,소속,군종신부,부산교구,소속,부산교구장,신자,신앙생활,사랑,마음,사랑,사랑,하느님,축복,사랑,기원,정주교,운동,취미,군종,신부,시절,강원,체육대회,테니스,대표,참가,신부,한국,천주교,테니스,최학림기자","부산교구,부산,천주교,교구장,한국,군종,남천동,강원,마산교구,거창성당,김해,거제,월남전,가톨릭,진해,인구대,남천성당,사목방침,범일,군종신부,최학림"
1999-09-01,경향신문,-제언-박물관-학교 잇는 프로그램을 개발하라,문화-미술_건축,"제언,박물관,학교,프로그램,프로그램,각종,체험,학습,학생들,교육,경험,기회,국제이해교육,프로그램,국제,이해,교육,이중,국제이해교육,다문화,이해,인류,보편,가치,인권,민주주의,평화,이해,실천,지구적,깨달음,인식,이해,박물관,국제이해교육,교육자원,소장,박물관,인간,문화,자연,간접적,체험,기회,제공,외국,박물관,학교교육,연계,국제,이해,교육,프로그램,운영,미국,캔자스,주립,인류학,박물관,마야문명,프로그램,마야,문명,어린이박물관,미국,보스턴,어린이,박물관,신발,문화,이해,프로그램,영국,대영박물관,화폐,프로그램,화폐,프랑스,국립자연사박물관,교육,문화프로그램,사례,한국,200여개,박물관,박물관,활용,교육,프로그램,학술적,실천,노력,부족,결과,무한,교육자원,박물관,교육적,발휘,국제이해교육,활용,박물관,소장,소재들,정치,경제,사회,문화,종교적,의미,파악,학생들,학교,박물관,즉각적,활용,체험학습프로그램,아이디어,구성력,국제이해교육,형태,발전,박물관,국제이해교육,활용,학생들,세계적,정치,경제,사회,문화체제,변화,주체,지식,태도,자신들,연관,활용,의미,작업,문화,분위기,학생들,상상력,박물관,교육자들,박물관,교육,역할,인식,박물관,교육적,활용,방법,실천,노력,박물관,위상,소장품,박물관,교육활동,평가,문화,창출,김종훈,유네스코,한국,위원회,교육팀","박물관,국제이해교육,미국,학생들,교육적,한국,교육팀,보스턴,마야문명,자신들,유네스코,김종훈,민주주의,소재들,지구적,위원회,캔자스,어린이박물관,간접적,프랑스,대영박물관,교육자원,마야,문화체제,국립자연사박물관,영국,인류학,구성력,교육자들,교육자,소장품"
1999-09-03,세계일보,총기난사로 고아된 한인 자매에 온정 답지,국제-미국_북미,"총기난사,고아,한인,자매,온정,답지,코리아타운,미국,로스앤젤레스,코리아,타운,고모부,총기난사,졸지,부모,고아,이은정,유라,자매,온정,손길,답지,자매,고모부,백무본,사망,이상근,이미순,윤경희,막내,고모,43.글렌데일,거주,보호,초등학교,5학년,재학중,자매,친가,외가,일가,윤씨,주위,손길,형편,윤씨,사고,부모,사망,사실,애들,실감,방학,친척집,분위기,마음,소식,회장,여성경제인협회,이한순,한인,단체,관계자,윤씨,지난달,위로금,전달,나라,사랑,어머니회,어머니,봉사회,주부클럽,다문화연합회,각계,은정,유라,자매,방안,강구,로스앤젤레스","윤씨,어머니회,로스앤젤레스,한인,여성경제인협회,이한순,유라,미국,친척집,주부클럽,다문화연합회,글렌데일,봉사회,애들,5학년,재학중,이미순,은정,총기난사,윤경희,이상근,코리아,위로금,관계자,백무본,코리아타운,이은정,자매,부모,고모부,사망,고아,손길,답지"
1999-09-06,제민일보,새천년 민속문화 탐라에서 보내고 맞고…,문화-전시_공연,"탐라,민속,문화,민속놀이,민요,풍물,민속극,민속무용,자리11,한라,문화제,전국,청소년,민속,예술제,17일,한국,민속,예술,축제제주,애향,운동장,도문대회관,천지연,지서,전국,도서,단체,참가,경연,민속문화,삼다문화,탐라잔치,가을,신들,고향,제주,각지,전국,경향,독특,민속예술,민속,문화,향기,11일,17일,제주,애향,운동장,한라,문화제,탐라,민속,향훈,14일,전국,청소년,민속,예술제,15일,17일,한국,민속,예술,축제,마련,제주섬,중순,전통,민속,예술,전국,경향,각지,주민,학생,민속예술축제,기원축제,화합축제,제주시,제주도,주관,15일,개막,민속예술축제,이북,20개,포함,전국,대표단,참가,민속놀이,민요,풍물,민속극,민속무용,선사,전상놀이,제주시,민속놀이,서울,민속놀이,장군,놀이,평양검무,평남,민속,무용,평양,검무,대구농악,비산,농악,별상물림굿,인천,민요,작품,경연,대통령상,경북,민요,계정,들소리,남해안,별신굿,진도씻김굿,서해안,배연신굿,대동제,동해안,별신굿,제주칠머리당굿,작품,시연,축제,개막행사,국민속예술경연대회,대통령상,방앗돌,남제주군,덕수리,소리,서우젯소리,제주지역,명실상부,민속고장,8시,9시,길놀이,행사,마련,14일,전야제,행사,민속,예술,축제,상징,불꽃,축제분위기,최우수상,민속,예술,축제,종합,우수,대통령상,상금,전승,보존금,1100만,시상식,17일,예정,14일,전국,청소년,민속,예술제,전국,800여,학생,대표,참가,전통민속예술,70명,제주농고,학생,참가,꽃염불,매귀악,울산,학성여고,거북놀이,경기,배명중종고,호남우도농악,전북,덕암정보산업고,작품,애향운동장,한국예총제주도지회,지회장,강영호,주최,한라,문화제,11일,개막,민속예술,걸궁,경연,전시,공연,부대행사,마련,한라산,신제,산천단,만덕제,모충사,제주지역,학생들,준비,학생,민속,예술,축제,예술경연대회,12일,10시,제주,민속,체험,마당,군별,민속예술경연,농협,마당,행사,놀이,한라산,민속,굿향연,제주민속관광예술단,공연,13일,7시,청소년,민속,예술단,환영,마당,연물,사물,만남,강릉관노가면극,민속축제,대학,동아리,민속,축제,14일,17일,한라문화제,민속,예술,축제,경축,일환,행사,국익,예술인,제주도립예술단,발리예술단,공연,팔도,사투리,축제,민요,가요,마련,음악제,연극제,무용제,연예제,영화제,각종,공연,미술전,서예전,사진전,전시,문학,백일장,서예,휘호대회,미술실기대회,국민,경창대회,각종,경연,행사,민속예술축제,경축","민속예술축제,제주,민속놀이,대통령상,탐라,애향운동장,한라산,제주시,한국,문화제,별신굿,운동장,민속무용,평남,민속문화,예술제"
1999-09-08,한라일보,"새천년의 포문, 민속예술의 흥겨움으로 열어젖한다",문화-전시_공연,"포문,민속예술,민속예술축제,민속,예술,축제,제38회,한라,문화제,개최,길목,고유,전통민속예술,문화,시대,축제,제주,민속문화,주제,한국,민속,예술,축제,전국,청소년,민속,예술제,삼다문화,탐라,잔치,주제,한라,문화제,11일,17일,제주섬,무대,대형,문화이벤트,가락,신명,14일,한국,민속,예술,축제,17일,제주시,애향운동장,종전,민속,경연,대회,시대,흐름,탈바꿈,무대,제주개최,80년,90년,문화관광부,한국문화예술진흥원,KBS,공동,주최,제주도,제주시,주관,민속,예술,축제,이북5도,포함,42개,3천,참가,전야제,14일,6시,제주시,애향운동장,영감놀이,민속,무용,국악인,초청,공연,축하,공연,야구장,불꽃놀이,한라체육관,주요인사,참가,대표,참가,경축리셉션,마련,애향운동장,개회식,시작,17일,민속놀이,민요,풍물,민속극,민속무용등,경연종목,사연,개회식,이날,신산공원,애향운동장,길놀이,제주도립예술단,제주판굿,남군,덕수리,방앗돌,노래,식전공개행사,시작,10시,축제개막,개회식,식후행사,수상작품,대통령상,수상,작품,북군,서우젯소리,공연,개회식,대통령상,수상,작품,경북,계정들,소리,시연,16일,11개,마지막날,경연,시연,민속예술,향취,화합,축제,마당,연출,폐막공연,시상식,17일,3시,애향,운동장,공연,서귀포시,민속놀이,참가,전원,초청국악인,참가,느영나영한,마당,시상순,진행,한국민속예술축제기간중,전국,16개,8백,참가,하룻동안,애향,운동장,예정,한국민속예술축제,전국청소년민속예술제,전국팔도,민속문화,한라문화제,한국,문화,반도,차별성,제주문화,진수,무대,한국예총도,지회,주최,한라문화제,11일,17일,애향운동장,지역,제주시,서귀포시,북제주군,남제주군,분산개최,참가팀,도민,제주,관광객,즐거움,신명,관심,한국민속예술축제,연계,한라,문화제,희망감속,바람,여자,독특,제주문화,정체성,문화,관광,예술,문화관광축제,대화합축제,표방,행사,마련,주요행사,한라산신제,만덕제등,기원축제,개막축제,학생,예술,축제,제주,민속,예술제,향토,축제,대화합축제,밀레니엄,맞이,화합,축제,민속,예술,축제,경축,행사,개막식,11일,산천단,제주시,한라산신제,시작,만덕제,마당,2시,제주칠머리당굿보존회,중요,무형,문화재,초감제,공연,3시,애향,운동장,특설무대,개막식,7시,개막,축하,마당,초가을,밤하늘,서귀포시,지역,국악,무용,음악제,천지연야외광장등,북제주군,조랑말,축제,제주경마장,남제주군,정의골,마당축제,덕수전통민속재현행사,마련,행사,기간,향토물산,축제,각종,전시,공연,한라문화제,초청,강릉단오제,관노가면극,인도네시아,발리섬,참가","애향운동장,제주,제주시,민속예술축제,개회식,예술제,운동장,서귀포시,문화제,참가팀,한국,한라문화제,남제주군,국악인,한국민속예술축제,민속놀이,시상순,만덕제,대통령상,북제주군,한라산신제,개막식,대화합축제,한라,향토물산,특설무대,한국문화예술진흥원"
1999-09-11,한라일보,'정다워라 삼다문학 흥겨워라 탐라잔치' 제38회 한라문화제 오늘 개막,문화-전시_공연,"삼다문학,탐라잔치,한라,문화제,개막,한국,민속,예술,축제,연계,행사,삼다문화,탐라잔치,주제,한라,문화제,11일,개막,예총,지회,주최,행사,14일,17일,예술축제,한국,민속,예술,축제,민속예술제,전국,청소년,민속,예술제,연계,이날,특설무대,제주시,애향운동장,개막식,강영회,예총,도지회장,대회사,한라문화제,문예부흥,주도,원동력,계기,마련,행사,전통문화축제,자리,17일,한라,문화제,제주시,개막축제,학생예술축제,제주민속예술축제,제주,민속,체험,초청공연,강릉,관노,가면극,초청,공연,조랑말,축제,정의골,마당,축제,재현행사,덕수리,전통,민속,재현,행사,행사,마련,공연축제,향토문화장터,문학백일장,경축,예술,이벤트,부대,행사","제주시,문화제,강릉,삼다,예총,덕수리,한라문화제,강영회,탐라잔치,민속예술제,애향운동장,제주,예술축제,한국,한라,원동력,가면극,문학백일장,개막식,탐라,도지회장,재현행사,대회사,문예부흥,공연축제,특설무대,향토문화장터,전통문화축제,삼다문화,학생예술축제,전통문화,정의골"
1999-09-11,충청투데이,12일(일),문화-전시_공연,"12일,드라마개사육,가족,옥신각신,사랑,몽구,영심,아들,일준,친구,전학,엄마,영구,영심이,시어머니,영심,옥신각신,결국,강아지,가족,투표,결정,결과,결국,강아지,영심,강아지,신경,강아지,영구,순구,강아지,이름,골머리,오락말레이시아,한국,전통,비교,친구들,세계,다인종,다문화,공존,말레이시아,민속춤,소개,말레이시아,민속춤,줄루,국립,무용단,텔런트,윤손하,최성훈,체험,민속의상,요즘,유행,테크노,댄스,원류,한국,민속춤,그룹,한스밴드,미학,자랑,한국춤,민족정서,춤사위,거리,시민들,참가,윤정수,스타,참가자들,모습,교양스티비,원더,음악담,다큐,뮤직스타,시절,스티비,원더,노래,천재성,발견,모타운,레코드사,사장,헌신적,아내,동료들,증언,스티비,음악,디트로이트,이사,어머니,맹인,아들,보호,스티,방안,라디오,스푼,냄비,영감,창조성,리듬,블루스,리듬,원더,거장,스티비,교회,성가대,노래,스티비,모타운,레코드사,고디,사장,발탁,가수생활,시작,편집,李建駿","스티비,말레이시아,민속춤,옥신각신,영심,한국,음악담,스티,무용단,레코드사,모타운,교양스티비,드라마개사육,춤사위,민족정서,민속의상,한국춤,시민들,최성훈,동료들,윤손하,가수생활,창조성,다인종,한스밴드,다문화,디트로이트,오락말레이시아,참가자,뮤직스타,텔런트,윤정수"
1999-09-11,한라일보,(사설) 새천년 향한 문화축제,문화-요리_여행,"문화축제,전통,민속,예술,마당,제주,온섬,축제물결,삼다문화,탐라잔치,주제,한라,문화제,11일,17일,제주도,일원,민속문화,캐치프레이즈,한국,민속,예술,축제,14일,17일,제주시,애향운동장,한라문화제,도내,최대,문화행사,한국민속예술축제,연계,축제분위기,고조,한라문화제,한반도,차별,독특,제주문화,정체성,문화,관광,예술,문화관광축제,대화합축제,표방,행사,마련,한국민속예술축제,제주,80년,90년,차례,예술,경연,대회,이름,명칭,변경,시대,흐름,탈바꿈,각오,무대,민속,고장,제주,마련,의미,축제,전통,민속,예술,보존,전승,개설,그동안,축제,3백,종목,민속예술,발굴,재현,종목,국가,지정,문화재,종목,시도지정문화재,선정,성과,초창기,축제,참여,제주도,국민속예술경연대회,민속,예술,경연,대회,영감놀이,대통령상,수상,이래,상위,입상,정도,인연,문화,21세기,자산,전통문화,발굴,보존,문화,창조,심혈,의미,제주,축제,민족문화,세대,문화,창조,자리매김,축제,성공적,도민들,참여,출연팀,연희자들,성원","제주,국민속예술경연대회,문화재,한라문화제,문화제,제주도,한국민속예술축제,민속예술,대통령상,연희자,영감놀이,연희자들,탈바꿈,도민들,탐라,애향운동장,출연팀,제주시,삼다문화,전통문화,한라,시도지정문화재,제주문화,탐라잔치,21세기,문화행사,민속문화,삼다,캐치프레이즈,온섬,정체성,그동안,축제물결,민족문화,축제분위기,대화합축제,자리매김,한국"
1999-09-11,제민일보,한라문화축제 오늘 개막,문화-전시_공연,"한라문화축제,개막,한라,문화,축제,삼다문화,탐라,잔치,애향,운동장,17일,향연,삼다문화,탐라잔치,주제로,한라,문화제,애향운동장,제주시,개막,17일,민속예술축제,음악제,연극제,영화제,전시,한국예총제주도지회,지회장,강영호,주최,한라문화제,기원,축제,대화합축제,개막식,10시,주관,고양부,삼성사재단,한라산신제,유교식,봉행,11시,사라봉,모충사,만덕봉,사상,시상식,만덕제,애향운동장,10시,사투리말,대회,학생,민속,예술,마당,잔치,분위기,2시,김윤수,심방,집전,한라문화제,서막,제주,대굿,초감,이날,4시,학생,예술,축제,7시,풍물단,두드락,초청공연,12일,듬돌,물허벅경주,제주,민속,체험,마당,군별,걸궁,경연,민속예술시연,청소년,민속,예술단,환영,마당,민속예술제,전국,청소년,민속,예술제,한국,민속,예술,축제","시상식,한라문화제,애향운동장,문화제,제주,삼다문화,한라,민속예술축제,삼성사재단,민속예술제,고양부,음악제,운동장,탐라,제주시,한국,듬돌,유교식,물허벅경주,사라봉,지회장,물허벅,두드락,한라산,한국예총제주도,김윤수,모충사,강영호,경주,풍물단"
1999-09-13,한라일보,한라문화제 포토뉴스,문화-전시_공연,"한라,문화제,포토,삼다문화,탐라잔치,주제,한라,문화제,개막,예총,지회,주최,행사,14일,17일,민속예술축제,한국,민속,예술,축제,전국,청소년,민속,예술제,연계,개막,현장,도내곳곳,신명,현장","문화제,한라,한국,탐라잔치,탐라,삼다,삼다문화,도내곳곳,예총,예술제,민속예술축제,개막,민속,현장,전국,청소년,문화,잔치,행사,주최,주제,지회,도내,포토,신명,축제,예술,연계"
1999-09-21,중부매일,보은군 문화행정 ‘갈팡질팡’,지역-대전,"보은군,문화,행정,진행,문화,행사,졸속,계획자체,포기,예산,지원,갈피,차질,여타,행사,보은군,문화행정,제자리,각종,문화,행사,졸속,진행,계획,자체,포기,난맥상,군내,가을,속리산,중심,도깨비,한마당,단풍가요,속리,축전,가을,행사,문화,공연행사,집중적,마련,이벤트,관광,특구,활성,속리산,관광,협의회,별도,도비,지원,염두,행사,도깨비,기획,굿마당,관광,특구,활성,이벤트,민속,축제,지원,예산,행사,진행,여타,행사,차질,속리산,관광,협의회,별도,예산지원,겨냥,도깨비,행사,준비,도비,지원,지원비,민속,축제,행사,신청,여부,불투명,문화원,지원,행사,속리,축전,가을,지원,구두,약속,문화원,속리축전,가을,축제,일환,산신,뒤풀이,송이놀이,재연,돌물다리기,행사,준비,민속축제,분위기,준비,작업,지원,민속,축제,행사비,문화원,성격,사실,획인,속리산관광협의회,도비,군비,지원,축제,도깨비,마당,문화원,준비,송이놀이,재연,돌물다리기,가을축제,행사,자체,취소,축전,예산,대추,아가씨,선발,대회,계획,전국,공원,대회,6백만,예산,지원,문화행정,일관성,서동렬,보은","문화원,민속축제,속리축전,속리산,예산지원,가을축제,속리,행사비,뒤풀이,송이놀이,다리기,문화행정,보은군,지원비,서동렬,돌물다리기"
1999-10-02,세계일보,(WT논평)베를린 공화국,국제-유럽_EU,"베를린,공화국,독일,수도,지방도시,국제도시,베를린,베를린,독일역사,영광,공포,도시,독일,정치인,독일,과거,직면,주저,베를린,수도,외면,독일,외교,국내정책,변화,수도,이동,연방정부,동독,개선,독일,유럽,개입,오스트폴리티크,동방정책,정책,비방자들,독일,역사,동진,정책,지속,유럽,결속,폴란드,헝가리,체코공화국,유럽연합,회원,가입,독일,정책,순위,차지,발트해,연안국,관심,러시아,특별,발전,마틴,루틴,흔적,동독,전통,개신교,연방정부,서독,보수적,가톨릭체제,균형,파리,런던,과거,매력적,세계,수도들,베를린,지위,중요,사람들,계몽,도시,독일제국시대,과학,중심지,아인슈타인,무리,노벨상,수상자,베를린,기억,독일영화,표현주의,브레히트,연극,힌데미스,알란,베르테,음악,유명,多文化的,다문화적,바이마르공화국,수도,토마스,문학,거장들,세계,정복,중요성,독일,정치인,자신감,게르하르트,슈뢰더,총리,우월감,열등감,어른,나라,독일,목소리,외교정책,지속,약속,미국,측면,재정립,녹색당,사민당,연립,정부,우두머리,슈뢰더총리,베를린공화국,나토,유럽연합,EU,자신,설정,결심,비밀,미국정부,의논,동등,대접,독일,외교,정책,세계화,코소보전쟁,코소보,전쟁,독일군,제2차,대전후,국외,군사,행동,참여,EU,동유럽,독일,교량,요소,독자적,발칸정책,카스피아,석유탐사,유엔,나토내,위상,요소,바이올라,험스,드레이드,칼럼니스트","독일,베를린,유럽연합,노벨상,개신교,코소보전쟁,나토,미국,동독,유럽,사민당,바이올라,게르하르트,연방정부,슈뢰더총리,슈뢰더,외교정책,대전후,제2차,베르테,알란,러시아,힌데미스,가톨릭,가톨릭체제,多文化的,연안국,독일군,마틴,다문화적,발트해,브레히트,중심지,루틴,열등감"
1999-10-05,문화일보,-강상중 칼럼-東티모르와 국제 이권다툼,국제-아시아,"강상중,칼럼,티모르,국제,이권,다툼,티모르,아시아,세계,관심,가혹,역사,향방,세기,국제질서,시금석,인도네시아군,동티모르,철수,다국적군,진주,이래,혼란,수습,치안,회복,인도네시아군,강화,국가치안법,반정부운동,격화,발포,사망자,발생,바람,수도,자카르타,혼란상태,여운,인도네시아,동티모르,대처,치안회복,실패,국제사회,비난속,다국적군,수용,국치,초래,원래,정부,최고,책임자,진퇴,발전,결정적,실패,비상사태,대응,명목하,치안,권한,부여,법안,획책,학생,시민,분노,폭발,발칸,다민족,印尼,체제,치명,결함,권한,리더십,극복,시도,과거,한국,경험,비극,연상,다민족,다문화,다도,多島,국인,인도네시아,2억,인구,세계,축도,포르투갈,동티모르,식민,통치,지역,네덜란드,식민지,지배,일본군,점령,권위주의적,군지배,오랫동안,지속,인도네시아,폭력적,병합,국민,국가,통합,수하르토,퇴진,구심력,강제장치,군부,영향력,쇠퇴,각처,분리,독립,움직임,인도네시아,발칸화,초래,위험성,내포,근본적,원인,정치,관료,매판,기업가,부패,무능,편승,경제,진출,일본,안전,보장,전략하,인도네시아,동티모르,병합,묵인,미국,호주,과거,다국적군,주도,역할,호주,총리,하워드,브리튼,자국,주간지,인터뷰,하워드,독트린,아시아,가치,전면,부정,서구문명,가치관,근거,대아시아정책,표방,호주,미국,대리인,지역,정치,안보상,주도,역할,결의,미국,움직임,호응,동티모르,코소보,사태,호주,후방지원,노골적,정도,아시아적,평가,하워드,총리,백호주의,독트린,동남아,각국,반발,제기,인도네시아,인접,호주,자국,안전,보장,동티모르,개입,동시,호주,동티모르,부근,지하자원,경제,이해타산,동티모르,독립,경제,자립,영향력,행사,호주,동티모르,사실상,위성국,동시,인도네시아,안전보장상,완충지대,설정,인도네시아,최대,이권,연결,일본,헌법상,제약,다국적군,참가,불가능,경제,지원,치안회복후,평화유지,중심,역할,준비작업,추진중,계기,국제,질서,확립,지역분쟁,인도,개입,군사력,투입,휴머니즘,국제평화,서구문명,우월,명목하,수행,실상,정치,경제,방위,지정학,이해관계,작용,동티모르,사태,냉전,질서,진정,공정,정의,입각,지역,사람들,복지,진가,인도네시아,자체,동티모르화,발칸,신드롬,가능성,아시아,가치,서구,가치,문명,충돌식,대립,구도,초월,지정학,이해관계,질서원리,확립,요구,유감,아시아,혼란,조짐","동티모르,인도네시아,호주,아시아,다국적군,하워드,발칸,다민족,독트린,아시아적,국제질서,미국,이해관계,명목하,영향력,일본,티모르,인도네시아군,전략하,안전보장상,수하르토,충돌식,서구문명,印尼"
1999-10-08,부산일보,(강습)부산평생교육진흥회..,문화-생활,"부산평생교육진흥회,강습,부산평생교육진흥회,부산평생교육진흥회,여성학교,중학과정,12일,토요일,10~12시,부산인도네시아,영사관,인도네시아어,기초,문법,회화,12일,목요일,7시,모라종합사회복지관,무료야간컴퓨터,성인,피아노,홈패션,내일임산부기체조교실,부부교실,9일,3시,임산부,남편,1만,아빠,태교,부부,부산시양정청소년회관,일본어,11일,접수,가야컴퓨터교육장,컴퓨터무료강좌,윈도,한글97,인터넷기초,인터넷증권투자,영도주민문화센터,청년기타교실,16일,8시,2개월,명지사,합천해인사,부산표,교원,무료,요가교실,2시,7시,서구청,99하반기,서구,여성,대학,19일,3일,16일,접수,일반여성,2백,부산시립중앙도서관,무료,수족침강좌,9일,열람과,도서관,접수,서구종합사회복지관,지압,15일,금요일,10시,3개월,수지침,11월,목요일,2시,중구종합사회복지관,홈패션,양재,생활,한복,피아노,패치,워크,꽃꽂이,컴퓨터,교실,연체공동체,어린이창조체험학교,월3,어린이기자,어린이신문,방송프로그램,죽로다문화원,다도교실,12일,화요일,7시,3개월,차다리기","홈패션,합천해인사,3개월,양재,도서관,꽃꽂이,목요일,부산평생교육진흥회,화요일,영도,영도주민문화센터,1만,청년기타교실,죽로다문화원,한글97,부산인도네시아,방송프로그램,월3,체험학교,영사관,임산부,공동체,가야컴퓨터,다도교실,교육장,일본어,중학과정,어린이기자,어린이창조체험학교,인도네시아어,99하반기,명지사,임산부기,2개월,부산표,부산시양정청소년회관,수지침,서구종합사회복지관,침강좌,가야컴퓨터교육장,여성학교"
1999-10-08,국제신문,(문화생활장터)… 강습,사회-여성,"문화생활장터,강습,여성문화회관,영어,첫걸음반,중등교육,기회,여성대상,10시,금정구복지관,직업훈련프로그램,조리사교실,한식,양식,중식,홈패션교실,양재교실,컴퓨터,활용,장구교실,죽로다문화원,다도교실,12일,화요일,2시,7시,90분,3개월,차생활,이론,차다리기,실기,예절강좌,해운대복지관,프로그램,종이,12일,동화,구연,교실,한국복지재단,성인프로그램,생활한복반,홈패션반,양재반,미용사자격증,성인컴퓨터,피아노반,동삼복지관,프로그램,생활도자기반,목요일,10시,경락마사지반,화요일,10시,풍물패,강습,놀이새,사물놀이,사물놀이,무용,단소,피리강습,부산여성학교,중학과정,국어,영어,한문,사회,강좌,중학교,기초,주부,대상","화요일,사물놀이,중학교,여성문화회관,놀이새,차생활,차다리기,3개월,미용사,미용사자격증,자격증,양재반,여성대상,중등교육,예절강좌,성인컴퓨터,홈패션반,직업훈련프로그램,중학과정,피리강습,홈패션교실,장구교실,성인프로그램,첫걸음반,다도교실,한복반,금정구복지관,생활한복반,부산여성학교,피아노반,경락마사지,풍물패,동삼복지관,경락마사지반,목요일,홈패션,조리사교실,한국복지재단,죽로다문화원,해운대복지관,조리사,양재,양재교실,생활도자기반"
1999-10-09,중앙일보,(에스페란토협회장 켑 앤더비),국제-국제일반,"에스페란토협회장,앤더비,에스페란토협,회장,세계,에스페란토협회,인종,민족,사이,이해,평화,증진,목적,인권단체,앤더비,세계,에스페란토협,회장,강당,단국대,한국,에스페란토,대회,참석,NGO세계대회,서울,NGO,세계,대회,언어,인권,특별분과회의,주관,한국,에스페란토,1백,출신,폴란드,러시아,의사,자멘호프,라자루스,루드비크,창안,국제공통어,호주,출신,앤더비,회장,영어,모국어,사람,한국어,모국어,영어,의사소통,불공평,반대,전제,자신,모국어,중립,제3,언어,자유,정의,의사소통,에스페란토,理想,소개,로마군,보급,라틴어,금세기,영국,제국주의,미국,대중문화산업,패권,유지,영어,에스페란토,다문화,공존,논리,주장,호주,정부,법무부장관,대법관,역임,앤더비,회장,정책,이민,유치,호주,이민자들,각자,언어,영어,의사소통,다문화,사회,시절,에스페란토,주년,요청,행사,후원,에스페란토,관심,에스페란토,문법,논리적,60세,언어,강조","에스페란토,앤더비,호주,한국,모국어,대법관,의사소통,서울,다문화,1백,라자루스,루드비크,폴란드,단국대,에스페란토협회장,에스페란토협,영국,금세기,제국주의,라틴어,미국,대중문화산업,대중문화,로마군,법무부장관"
1999-10-13,동아일보,서울시'숭례문 개방 계획'찬반논란 '국보1호'감상가까이서 보자 지금대로 두자,문화-학술_문화재,"서울시,숭례문,개방,계획,찬반논란,국보1호,감상,가까이,서울시,숭례문,개방,계획,찬반논란,가까이,국보1호,감상,찬성,거리,제맛,문화재,답사,홍예문,출입,반대,후대,유산,훼손우려,낙서,화재,훼손,숭례문,국보,남대문,고층,빌딩,질주,차량,절해고도,국보,숭례문,서울시,계획,숭례문,개방,찬반,논란,서울시안,숭례문,횡단보도,설치,숭례문,주변,5~10,안전지대,숭례문,감상,찬성론,문화재,가까이,주장,한국건축사,전공,미술사학자,능사,서울시,계획,적극,찬성,2층,위험,숭례문,석축,石築,무지개모양,홍예문,虹門,통과,반대론,핵심,문화재,훼손,문화재,향유,후대,대상,만일,위험,대비,김동현,동국대,교수,한국건축사,숭례문,개방,낙서,화재,위험,초래,숭례문,건물,가까이,숭례문,개방,하등,김교수,제3,숭례문,남산,언덕길,숭례문,전망대,제안,전망대,숭례문,설명,사진,전시,육안,망원경,숭례문,감상,서울시,문화재위원회의허가,숭례문,지하,통로,건설,계획,문화재위원회,불허,판정,서울시,내년,문화재청문화재,위원회,허가신청,낼계획,솔로몬,지혜,결정,이광표기자","숭례문,문화재,서울시,홍예문,위원회,김동현,한국건축사,건축사,국보1호,이광표,이광표기자,솔로몬,무지개모양,낼계획,동국대,石築,미술사학자,,반대론,문화재청문화재,김교수,한국,전망대,훼손우려,절해고도,남대문,허가신청,제3,안전지대,남산,횡단보도,언덕길"
1999-10-14,중앙일보,'21세기 사전' 펴면 미래가 보인다- 佛 자크 아탈리 21세기 예측서,문화-출판,"세기,사전,미래,예측서,자크,아탈리,세기,현존,프랑스,최고,천재,자크,아탈리,56.컨설팅사,아탈리&아소시에,대표,98년,세기,사전,편혜원,정혜원,중앙M&B,9천,프랑스,언론,평가,특별,사전,4백,주제어,사전식,나열,주제어,미래,의미,에세이,독특,매력,사람,집필,만큼,현란,식견들,사치,자극,미지,미래,예측력,진단,공학,출신,경제학,박사,강단,정부,미테랑,정부,91년,고문,특별보좌관,타이틀,93년,유럽부흥개발은행,EBRD,초대,총재직,역임,현실,정치,경제,참여,저자,특별,경력,아탈리,21세기,코드,유목,노마디즘,가상현실,버츄얼리티,유목,1만,자리,농경,정착,문명,개념,일시,도시유목,측면,과거,유목,개념,유목민,유목,휴대품,소지,목록,노트북,컴퓨터,컴퓨터,종이,소멸,반지,정보,저장,교환수단,변신,인터넷,노트북,저자,진단,가상현실,하이퍼텍스트,개념,연장선상,위치,저자,소개,단어,레고,문명,아이들,레고,장난감,신조어,미래문명,다원성,의미,문명,자유,융합,문명,창출,관점,다문화주의,기본,개념,아탈리,21세기,과거,역사,기억,인물,마르크스,셰익스피어,달라이,라마,추종자,예술가,유목민,음악,주류,도시유목민들,래퍼,자리,아시아권,관측,일본,세기,후반,쇠퇴,중국,인도,급부상,인도네시아,중국,아시아,국가,자리,도시별,도쿄,싱가포르,상하이,푸동,상하이,浦東,급부상,전망,21세기,과학,전쟁,노동,사랑,음악,단어,소멸,컴퓨터,음성인식,키보드,단어,저자,예측,21세기,석유,부족,현상,낙관론,저자,19세기,자유,20세기,평등,21세기,박애,시대,희망,결과","21세기,아탈리,유목민,아시아,상하이,프랑스,급부상,중국,주제어,가상현실,레고,일본,유럽부흥개발은행,총재직,정혜원,만큼,교환수단,특별보좌관,셰익스피어,마르크스,달라이,식견들,라마,경제학,다문화,다문화주의,추종자,9천,미테랑,신조어,도시유목"
1999-10-15,경향신문,-정동칼럼-차별하지 않는 사회,국제-미국_북미,"정동칼럼,차별,사회,얼마,캐나다,총독,에이드리언,클랙슨,취임,캐나다,영연방국가,영국,여왕,총독,지명,캐나다,원수,캐나다,영국,여왕,대표,클랙슨,언론인,출신,중국,여인,철학자,저술가,남편,재혼,사이,실질적,권력,총독,캐나다,최고,자리,재혼,중국,여인,임명,사실,흥미,부모,50여년,캐나다,중국,난민,캐나다,사회,중국계,비중,중국인들,이민역사,100년,세기,후반,밴쿠버,지역,인구,절반,중국인들,캐나다,국가공헌도,영국계,프랑스계,중국계,3위,인정,캐나다,국가원수,중국계,사실,조금,실질적,백인,중심,사회,캐나다,클랙슨,국가원수,캐나다,유색인종,포용력,나라,캐나다,중요,이념,무차별,캐나다,차별,평등사회,지향,인종차별,문화,차별,남녀차별,출신,신분,학력,재산,이념,언어,차별,종류,차별,반대,클랙슨,총독,취임,사실,캐나다,사회,지향,무차별,정신,상징적,클랙슨,재혼,여인,중국,난민,사실,능력,인간,캐나다,원수,취임,결점,캐나다,무차별,이념,추구,나라,사실,강조,클랙슨,인물,캐나다,무차별,정신,실현,실질적,노력,캐나다,공용어,영어,프랑스어,사회,언어,배려,자전거,안전,헬멧,착용,의무화,터번,인도사람들,헬멧,유보조항,텔레비전,채널,제공,소수민족들,자신들,언어,방송,백인들,캐나다,인디언들,문화,존중,권리,존중,명분,사이,현실,어려움,곤혼,태도,캐나다,대법원,원주민들,어업권,보장,판결,백인,어민,피해,캐나다,문화,지배,사회,가지,이질,문화들,다문화사회,다인종사회,지향,모습,혼란,비효율,비용,지구,지구촌,오늘날,다문화사회,단일문화사회,유리,캐나다인들,다문화성,사회,총독,에이드리언,클랙슨,취임,일성,다문화사회,지향,나라,단일민족,단일문화,사회,장점,장점,민족,문화,배타성,단점,경향,단일민족,단일문화,자랑,지역차별,학력차별,남녀차별,내부,차별,문제시,성숙,구별,상대편,미성숙,차별,사회,현실,차별,사회,문화,가치,인정,사회,오늘날,사회,숙제,캐나다,밴쿠버,이남호,고려대,교수,국문학","캐나다,중국,중국계,영국,밴쿠버,다문화사회,무차별,이남호,중국인들,중국인,단일민족,다문화,국가원수,에이드리언,터번,인도사람들,어업권,비효율,의무화,원주민,고려대,소수민족들,캐나다인,유보조항,상대편,원주민들,캐나다인들,이민역사,저술가,지구촌,다문화성,지역차별"
1999-10-22,중앙일보,美 고등과학원 마이클 월저교수 내한 강연,문화-학술_문화재,"고등,과학원,마이클,월저,교수,내한,강연,개인,명예,권력,동시,사회,사회,개인,능력,선택,강조,자유주의,개인,공동선,도덕,우위,공동체주의,사회,운영원리,요약,논쟁,개인간,무한경쟁,발휘,세기말,상황,의미,논쟁,맥락,공동체주의자,미국,프린스턴,소재,고등,과학원,마이클,왈처,Michael,Walzer,석좌교수,내한,차례,강연,한국철학회,주최,다산기념강좌,자유주의,자유주의,한계,보완,주제,프린스턴,하버드대,교수,역임,왈처,교수,정의,영역,Spheres,Justice,출간,자유주의,비판자,왈처,교수,파악,자유주의,문제점,불평등,분배,소유,사람,집중,권력,명예,지배,승자,승자전취,시장,지적,해결책,왈처,교수,제시,다원,평등,명예,의료혜택,사회,가치,개인,능력,선택,동일,기준,분배,자유주의,사회,정의,분배,원칙,마련,왈처,교수,다원,평등,사회,분배,영역,정도,독점,불평등,용인,영역간,전환과정,지배,확장,사회,사회,직책,명예,체계,마련,왈처,교수,다원,평등,자연,차이,차별,근거,간주,다문화주의,태도,사람,제반,권리,옹호,적극,관용,연세대,박정순,철학,교수,고위,공직자,직권,남용,선단식,지배,구조,재벌,정경유착,구분,사회지도층,영향력,행사,자본주의,악성,문제점,한국,상황,왈처,이론,시사,설명,왈처,교수,서울대,문화관,세미나실,동국대,국제,정보,대학원,이화여대,인문관,30일,서울,세종로,프레스,센터,강연회,출국","왈처,자유주의,마이클,동국대,프린스턴,불평등,문제점,선단식,인문관,세종로,서울,문화관,미국,석좌교수,다문화주의,강연회,다문화,정경유착,연세대,다산기념강좌,다산,자본주의,승자전취,박정순"
1999-10-25,경향신문,-21세기 우리문화를 생각한다-(5)왜 탈장르인가,문화-미술_건축,"세기,문화,생각,탈장르,귀족적,계급적,현상,근대,붕괴탈,장르,관통,중심,하늘,후기,자본주의,문화논리,시대정신,포스트모더니즘,자리,포스트,모더니스트,텍스트,과거,존재,텍스트,상호관계,의존,따름,인식,텍스트,텍스트,사용,부스러기들,의미,텍스트,상호텍스트성,중요시,장르,장르,학문,학문,사이,구분,순수성,강조,근대문화,계급적,귀족적,2분법,시대착오적,뉴욕타임스,세기,문화,전망,문화,잡종,교배,Hybrid,현상,주목,장르,결합,문화,탄생,예측,예술문화계,바람,세계,정신사,흐름,포착,의미,주간,김성기,현대,사상,현상,문화예술인들,엘리트적,고답적,문화,지양,대중적,문화,중심부,그간,소외,주변부,관심,의미,문화,민주주의,문화,다원주의,대세,그간,지배,문화,여성,동성애자,환경론,소수,민족,목소리,대안문화,모색,맥락,학자들,탈장르,심화,요인,영상,정보통신기술,발전,수용자들,태도변화,수용자들,공연장,전시장,예술정보,감상,자신,조작,기계,이용,음악,작곡,그림,영화,앨빈,토플러,제3,물결,생산자,소비자,프로슈머,생산자,소비자,합성어,시대,미술,음악,무용,연극,문학,예술장르,인터넷,테크놀러지,결합,시도,장르파괴,가속화,수용자들,혁명적,문화,환경,변화,서울대,김성곤,교수,21세기,탈중심,정신,절대,시대,한동안,문화예술계,방향,장담,실험,모색,역동적,전개,전망,탈장르,문화예술계,실험,비판적,눈길,김성기주간,장르간,전문성,창조적,종횡무진,이것저것,방식,짬뽕문화,양산,지적,학자들,문화예술계,흐름,다문화주의,혼성문화,포장,미국,문화,패권주의,미국,전략,희생양,현상,세기말,과도기,혼란,문화,잉태,창조,실험,예단,21세기,목전,문화예술인들,숙고,장르,실험,예술가,이윰,맹세,이방인,미술계,환경,미술계,작업,발효일,발효,서울,홍익대,부근,지하,작업실,자신,맹세,명함,투명,플라스틱,1971년,예술가,이윰,퍼포먼스,비디오,설치미술,사진,대중음악,아티스트,이색적,거리,미술,전시회,버스,데몬스트레이션,기획,신세대,기획자,행위예술가,소설가,비디오,아티스트,의상,디자이너,조각가,동시,대학졸업,4년,작업들,포함,장르,결합,실험,방위,예술가,직함,블라우스,95년,조각,96년,4차례,퍼포먼스,개인전,현대,무용가,김효진,음악가,김동섭,이미지,시어터,창단,공연,드로잉전,복합,퍼포먼스,바디,장르,구분,탈피,탈장르적,실험,충격,작업,상상력,소설,소설,캐릭터,소설,의상,퍼포먼스,기획,거리,무대,퍼포먼스,미술,시각,이미지,기획,바탕,공연,비디오,사진,1회,퍼포먼스,영속,작업,스스로,아티스트,TV,세대,자신,TV,대중들,커뮤니케이션,의미,매체,대중들,순수,모습,행위,표현매체,자유,목적,테크놀러지,영상,자신,표현,예술가,매체,통제,장악,역량,차세대,예술,경직,엘리트주의,대중,호흡,이야기,형식,실험,버스전,관점,기획,미술,영화,음악,TV,스타,마음,흥분,자문,예술,정체성,실험들,작정,맹세","탈장르,예술가,그간,김성기,21세기,tv,이윰,수용자,발효일,현대,수용자들,미국,장르간,전시회,문화예술계,음악가,생산자,서울,소비자,서울대,학자들,작업실,예술인,드로잉전,대중들,문화예술인들,미술계"
1999-10-28,문화일보,그림엽서 5만장에 담은 '통일의 꿈',문화-전시_공연,"그림엽서,통일,독일,쾰른,루드비히,미술관,20세기,대표,1백,예술가,전시,글로벌,2명,한국작가,포함,백남준,강익중,백남준,두말,현대미술,거장,강익중,미술계,백남준,세계,미술,주목,한국,작가,베니스,비엔날레,한국대표,참가,특별상,휘트니,미술관,백남준,2인전,94년,개인초대전,97년,완공,내년,샌프란시스코,국제공항,환경조형물,3인치,회화,한국,전통,현대미술,메카,뉴욕,다인종,다문화,조화,세계상,희구,밀레니엄,평화,화합,메시지,발신,밀레니엄,프로젝트,세계,어린이,한자리,세기,최후,분단국,한반도,상처,치유,통일,평화,봉화대,프로젝트,전시,12월,내년,현실공간,가상공간,동시,분단,상징,판문점,파주,통일동산,헤일리아트밸리,특별,전시장,강씨,전국,아트,레터,학생들,그림,나무판,설치,1차,5만,참가,예정,남한,해외,거주,한국어린이들,꿈그림,민통선,인근,학교,각종,수용,시설,벽촌,등지,어린이들,인터뷰,비디오,영상물,설치,원래,북한,어린이,참여,계획,성사,북한,어린이,베를린,내년,독일,순회전때,참가,북한,전시,방안,동시,추진중,전시,net,사이트,세계,어린이,채집,사이트,12월,개설,통일,유지,어린이,미래,통일,평화,확신,통일운동,금세기,기회,마련,예술가,사명,강씨,내년,독일,순회전,코소보,세계분쟁,현장,전시,평화운동,차원,마음,강씨,통일,지상과제,통일,독일,베를린,장벽,통일,이미지,형성,프로젝트,어린이,통일,이미지,웹전시,한국,어린이,희망,통일,이미지,강씨,프로젝트,소수,영웅,작가,절대다수,주눅,관객사이,자리,현대미술,실마리,제공,관객,어린이,단순관람객,창작,파트너,참여,단순,창작과정,작품화,기계문명,상징,인간화,예술화,야심,시도,웹아트,작품,강씨,어머니,자궁,단절,화합,분리,지향,공간,매력적","강씨,한국,백남준,독일,3인치,현대미술,예술가,미술관,20세기,순회전,강익중,어린이들,민통선,헤일리아트밸리,파주,5만,베를린,미술계,웹아트,예술화,매력적,다문화,다인종,학생들"
1999-10-28,문화일보,-해외논단-21세기는 장밋빛 미래인가,국제-유럽_EU,"해외논단,21세기,장밋빛,미래,1900년,무렵,인류,지배,생각,진보,신념,진보,가능,에펠탑,철강골조,위업,전력,광명,미래,약속,유럽,세계,경영,낙관적,신념,면모,인류,과학,경이,사회,이해증진,친선,확대,진보,체코대통령,바츨라프,하벨,체코,대통령,후원,포럼,재단,세계,통합과정,다문화,고찰,대안적,비전,주제,체코,프라하,국제회의,주제,제목,낙관주의,희망,암시,회의,분위기,조심,회의적,20C,잔혹,문명,횃불,포럼,자체,정신,암시,고통,사람들,생활,향상,21세기,목표들,신념,20세기,장밋빛,석양,지구촌,전쟁,비극,속도,비극,문명,횃불,인류,스스로,확신,초래,잔혹,세기,후반부,공포,마지막,공포,고조,자유,보장,위험,대량,학살,미래,행복,나날,낙관,희망,참석자들,공감,인도네시아,낸디,학자,아시스,개발도상국,견해,요청,개발도상국,미래,개발도상국,자신들,과거,선진,사회,과거,복사판,개발도상국,갈망,선진,공업국,것들,위안,것들,선진국들,진보,종말,당도,중요,발전,예상,선진국,사람,확신,미래,낙관,사실,폴란드,아담,미치니크,공산주의국가들,의미,전환기,국가,견해,질문,자국민,향수,뉴욕,맨해튼,중산층,공산주의,체제,사회보장제도,과거,모순적,얘기,러시아,인권,단체,대변인,세르게이,코발리요프,러시아,정책,방향,사람들,파시즘,통치자들,국민,수년,체첸,전쟁,러시아,비판여론,폭력,증오,체념,긍정,변화향,노력,미래,비관적,전망,포럼,메시지,긍정적,변화,노력,가치,세기전,맹목적,신념,흔적,징조,직시,노력,플로라,루이스,칼럼니스트","개발도상국,러시아,잔혹,선진국,대변인,공산주의,체코,체첸,사람들,20세기,전환기,21세기,하벨,아시스,바츨라프,변화향,후반부,루이스,뉴욕,철강골조,통치자,아담,맨해튼,미치니크,대안적"
1999-10-29,한국일보,(문화생활) 우리는 왜 수다를 떠나,사회-미디어,"수다,1.,여자,바람,남자,바람기,방법,고민,이야기,마누라,공부,외국,허락,미국,연락,요즘,PC,통신,천리안,나이,대화방,비아그라,나이,비아그라,나이,정도,최수종,아내,하희라,자체,부부싸움,화근,3.,10여년,수발,조금,회복,남편,남편,사랑,이종환,MBC,라디오,최유라,라디오시대,수다,사회,여자들,미장원,계모임,사적,공식,공간,수다,다중적,공식적,대중매체,확대,생산,방송사들,이야기,일관,토크쇼,신설,강화,추세,주간,단위,심야,시간대,수다,프로그램,20여개,연예인들,출연,일반,주부,프로,가정,잡사,이야기,라디오,진행자,출연자,수다,보편화,여성,전유물,TV,코너,남성,수다,SBS,이홍렬,유부클럽,유부,유부남,유부녀,통칭,PC,통신,용어,PC통신,채팅,수다,성격,수다방,이름,수다,인식,수다,사전,의미,동아,새국어사전,수다,부정적,의미,대화,인식,사회성,사적,소모적,비생산적,생활,유익,통념,여자,접시,수다,부정,측면,단적,수다,문화,사회,풀이,수다,안달,수다,효용,수다,프로그램,인기,문화비평가들,공개,저항,일탈,행동,선택,전략,일상,저항,고급,풀이,여성들,가부장제,엄존,상황,수다,일탈,카타르시스,아침마당,KBS,마당,생활력,남편,한마디,아내,하소연,시청자들,대리만족,과묵,논리,가정,회사,스트레스,남성들,수다,강남길,유부남들,일상잡사,이야기,SBS,이홍렬쇼,유부클럽,연출,김태성,PD,설명,여자,수다,공간,남성,시대,남자,고충,즐거움,철학,공간,마련,의미,기획,자신,존재,경험,표현,진술양식,풀이,자신,비관적,처지,객관화,극복,심리,표현,정보,교환,의미,생방송,MBC,TV,임성훈,이영자,진행자,임성훈,일반인들,출연,특별,이야기,방송,정보,전화,수다,자체,촉발,즐거움,사람들,수다,동류의식,유대감,친밀감,수다,공간,공유,산업사회,초래,개인화,소외문제,수다,정도,극복,주장,일리,수다문화,여성학자,오숙희,파편화,개인적,이야기,보편화,이웃,시청자들,폐해,배설,수다들,비생산적,문화,조장,사회성,이슈,개인적,것들,파급력,현상,건강,지적,대중매체,수다,프로그램,이야기,이야기,방송문화,전파낭비,초래,비판,라디오,음악,프로그램,음악,수다,지적,오래전,문화,비평가,마정미,제안,공간,공식,공간,수다,개별화,경험,한정,건강,생산적,전환,대중매체,신변잡기,초점,개인,이야기,보편성,프로그램,연예인들,수다,프로그램들,KBS,TV,서세원쇼,MBC,TV,주부,SBS,TV,김혜수,플러스,인천방송,김형곤쇼,MBC,라디오,강석,김혜영,시대,최고,수다꾼,천하,수다꾼,상대방,철새,수다꾼,수다꾼,이영자,정선희,홍진경,삼총사,감당,파워,친자매,소문난,짝꿍,KBS,슈퍼선데이,금촌댁,사람,출연,계기,방송,토요,시트콤,행복,모녀간,속내,사이,사우나,술자리,이영자,소탈,파워,재담,딱따구리,정선희,재치,푼수,홍진경,익살,서로,생각,정선희,홍진경,평일,12시,2시,SBS,라디오,해피데이,공동,진행,트리오,짝꿍,이성미,이경실,커플,세월,입담,말솜씨,관록,연예,활동,연분,이성미,SBS,이경실,진실게임,공동,진행,찰떡,궁합,과시,이경실,푼수,수다,웃음,방송,생활,이성미,만년,소녀,재치,순발력,수다,여자,등장,이홍렬쇼,SBS,TV,유부,클럽,코너,이홍렬,박철,강남길,표인봉,권오중,집안,뒷얘기,남자들,담소,유부남,마음,집사람,험담,은연중,애처가,돌변,수다,부부살,모습,최화정,주영훈,커플,커플,혼성,수다,개그맨,재치,유머,본업,작곡가,주영훈,각종,오락,프로그램,남자,수다,변신,주영훈,연예인,설문조사,시청자들,애교,최화정,MBC,공동,MC,제의,상태,수다꾼,제외,연예인,서세원,김원희,라디오,MBC,강석,김혜영,라디오,시대,이종환,최유라,콤비,유명,콘서트장,이소라,김장훈,컨츄리,꼬꼬,유명","sbs,mbc,연예인,이영자,주영훈,수다꾼,이경실,이홍렬,슈퍼선데이,홍진경,kbs,정선희,진행자,이성미,시청자,친자매,시청자들,천리안,10여년,사람들,대중매체,강남길"
1999-11-06,경남도민일보,내가 좋아하는 것 내가 만든다,문화-미술_건축,"세기,대중문화판,1부,대중문화,아우르기,대중문화,대중문화,대안적,대중문화,영화,개인,입맛,소비자,생산자,외국,연구생산,체계,생산,문화,산업,전문,기관,제도,운영,한국,문화운동,모색,대량문화,사례,런던,지역뉴스,엔터테인먼트,시간,제공,영국,케이블,TV,채널,자사광고,첫머리,시작,채널,PD,일반시청자들,프리랜서,비디오,저널리스트,현장,비디오,테이프,방송,시청,15~22%,머독,미디어,황제,운영,스카이,채널,능가수준,사례,서울,종로,홍대,카페,장안,영화광,브라운관,감탄사,연발,기획팀,주최,10만,영화제,현장,상영영화,8mm캠코더,이용,단편,비디오,영화,가지,사례,공통점,문화물,앨빈,토플러,물결,프로슈머,생산자,소비자,합성어,우리말,생비자,生費者,문화생산,전문인,전유물,시대,증거,현상들,단선적,주류문회,다양성,개성,에너지,동시,사실,입증,홍대,언더그라운드,밴드,철저,창조정신,치열,표현력,세기,문화,산업,자양분,뉴욕타임스지,세기,문화,전망,지적,고급,인식,바탕,문화장르간,음악,미술,연극,무용,영화,서로,진행,혁명적,혼성,하이브리드,문화,토털문화,시대,장르,혼합,영화,인식,대대적,수술,메이저,영화,제작사,세기,폭스사,대대적,수술,취급,예술영화,가족영화,홈드라마,취급품목,블록버스터,대중,입맛,만족,거대,개인문화,시대,문화,영역,통념,작업들,진행,대량문화,의미,대중문화,다품종,개인,소량,방향전환,모색,세기,후반부,대량문화시대,거대,개인문화,시대,문화관계자들,전망,지구촌,경향,중앙,지향,생활,태도,흐름,지배적,풍토,대량,위세,거대개인문화,시대,예고,사실,문화,바탕,사실,간과,우리나라의,문화연구,학문,영역,자리,전문화,수준,언급,우리나라,90년,문화연구,관심,계간지,학자끼리,전문가끼리,전문가,끼리,수준,상업성,실험정신,결합,현심,예견,문화,외국,영국,버밍엄,현대문화연구소,CCCS,미국,칼아츠,Cal,Arts,캘리포니아,예술,연구소,프랑스,메타포르,주목,CCCS,버밍엄대학,문화학,역사,자체,60년대,개별적,산발적,대중,문화,CCCS,등장,대중문,관심,제도화,강좌개설,기관,설립,사례,CCCS,매스미디어,이데올로기,지배,남성,사회,타자,여성,히피,핑키,광범위,작업,진행,CCCS,대중문화,이론적,사례분석,일상적,이질적,주목적,칼아츠,전문적,문화예술생산,목적,개인,창조성,예술,장르,통합예술적,상상력,백남준,칼아츠,객원예술가,참여,흥미,미국,반문화운동,주역들,좌파예술가들,영향,아방가르드,예술,경향,할리우드,중심,문화산업계,연결,상업,예술,경향,동시,공존,비중,대등,세기,예술,생산,교육,전망,사례,기존예술,반발,실험정신,상업성,월트디즈니사,창업주,디즈니부부,1961년,예술전문학교,인수,합병,칼아츠,미술,무용,필름&비디오,음악,연극학교,비평학과,교과과정,컴퓨터,이용,기재,멀티미디어,테크놀로지,예술생산,주요수단,기재,매개,학과,연계,필름,비디오,학교,할리우드,문화,산업,연계,학교,스타워즈,로버트,블라락,배트맨,시리즈,버튼,졸업생,저항,이외,사회,문화,간직,공간,개념,초월,메타포트,다국적,다문화,이산,결연,장소,문화도시,사회,CCCS,칼아츠,메타포트,대안,교육,실험,장치,조성,부정적,부정,판단,원인,테크놀로지,발전,교육노하우,부재,교육,방법,체제,인식,한계,문화연구가들,진단,한국,문화운동,단계,모색,문화,정치화,수준,교육,실천,방향,불문가지","칼아츠,대중문화,cccs,홍대,미국,할리우드,예술가,전문가끼리,영국,끼리,메타포트,문화연구,대안적,폭스사,예술생산,연구소,버밍엄대학,연구생산,생산자,소비자,단편,대중문,한국,멀티미디어,아방가르드,실험정신,후반부"
1999-11-09,경향신문,인터넷 세상에 심는 아버지의 아메리칸드림,IT_과학-인터넷_SNS,"인터넷,세상,아버지,아메리칸드림,최효찬,사진,권혁재,아메리칸,드림,드림,이젠,사이버,Cyber,Dream,인터넷,세상,아메리칸,드림,재미교포들,도전,무대,억만장자,김종훈,정보기술,분야,성공신화,교포들,미국,은행,컨설팅,회사,근무,엘리트들,인터넷,업계,전업,합류,사이버,공간,미래사회,변혁,주도,진원지,인종,사회,차별,일체,존재,국경,공간,전문,교육,미국,사고방식,문화,1.5세,2세,우월주의,주류,사회,진입,미국,상황,신분,고소득,보장,직장,인터넷,세상,투신,컴퓨터세대들,아메리칸,드림,이민,아메리칸,드림,차이,한국인,미국,이민,100년,교포,2백만,아메리칸,드림,아메리칸,드림,극소수,이민,3D업종,종사,미국사회,위치,단계,단계,의사,변호사,금융회사,미국,주류사회,편입,1.5세,전문직,종사자,5%,실정,미국,비인터넷분야,종사,아메리칸,드림,상황,컴퓨터,Net,세대인,교포,2세,인터넷업계,전문지식,바탕,아메리칸,드림,도전,90년대,시작,세계적,e-비즈니스,추세,사이버,공간,아메리칸,드림,인터넷업계,사이버,드림,컴퓨터세대,교포들,4부류,미국,체득,기법,선진,인터넷,무기,고국,U턴형,미국,벤처기업,창업,잔류형,미국,성공,한국,창업,양국,활동,금의환향형,한국,미국,제3국,진출,제3국,분류,활동공간,국경,사이버,공간,이용,특징,U턴형,회사,인터넷,창업,인터넷,인큐베이터,미래랩,대표적,미국,아이디어랩,idealab,모델,미래랩,대표,이정석,아이템,인터넷,사업,선정,자본,유치,회사,설립,지속적,경영,관리,인터넷,비즈니스,이네블러,Enabler,한국,동남아,진출,8명,교포,구성,미래랩,멤버,미국,명문대,출신,고국,금융,컨설팅,분야,전문적,커리어,자랑,20대,당장,수입,미래,투자,사람들,와와컴,지난달,순수,개인,중고품,경매,사이트,WaaWaa.com,창업,전직,경험,금융사이트,예정,이달,오픈,넷인베스트,금융,정보,제공,사이트,Netinvest.co.kr,CEO,다니엘,정보기술,스티브,인터넷,선진국,미국,정면승부,잔류형,쇼핑몰,온라인,품목,가격,비교,로봇,화제,마이사,Mysimon.com,공동창업자,마이클,컬럼비아대,디렉터,미국,삼성전자,근무,한국기업,투자,알토스벤처,Altosvc.com,브랜던,의류,회사,전자상거래,인터넷,구축,캐스팅컴,Casting.com,두각,하버드대,출신,졸업우수상,베이커스상,투자은행,스카우트,제의,e-비즈니스,금의환향형,닛시미디어,nisimedia.co.kr,정우균씨,아이팝콘,ipopcorn.co.kr,아이크,이인근,대표적,인터넷,전화,통합,서비스,ITI,제공,정씨,한국,LA,인근,토랜스,지사,다국적,벤처,기업가,실리콘밸리,밴처,기업,컨설팅,회사,테크놀로지,대표,아이크,실리콘밸리,벤처,기업,경영자문,제3국,홍콩,웨이웨이컴,WeiWei.com,대표,전병훈씨,앤더슨,컨설팅,5년,근무,미래랩,합류,홍콩,활동,전문성,무장,재미,교포,2세,인터넷업계,활약,해외,고급,인력,미국,한국,세계,인터넷업계,미래랩,벤처,고정관념,타파,다문화주의,형성,국경파괴형,독특,사이버,기업,문화,주도,이정석씨,한국,인터넷,사업,최적기,해외,활약,고급인력,비인터넷업계,활약,전문가들,국경,초월,사이버드림,인터넷업계,추세,시대,흐름,사이버,고국,7인,미래랩,인터넷,사업,미래,사업,창의성,허락,모델,대로,비즈니스,가능,선진국,성공적,운영,인터넷,모델,한국적,시장상황,승부,미래랩,모임,재미,한인,학생,미래재단,멤버들,주축,시장,인터넷,성장,가능,고국행,선택,체이스,맨하탄은행,근무,이정석씨,귀국,시장상황,탐색,미국,펀드,회사,투자,유치,금두경,27.하버드대,이서영,25.컬럼비아대,전병훈,28.스탠퍼드대,이인학,30.로욜라법대,변호사,박해인,25.컬럼비아대,홍일점,임경선씨,7명,차례,합류,임씨,5살,고국,루마니아,일본,미국,브라질,포르투갈,거주,대학원,일본,도쿄대,전병훈씨,확보,동남아,거점,홍콩,창업,한국,활동,미래랩,10월,작품,경매사이트,순수,개인,중고품,경매,사이트,와와컴,창업,기법,선진,마케팅,협력업체,덤핑물건,다량입수,물건,사람,끼리,거래,와와컴,대표,금두경씨,하버드대,시절,캠퍼스,후배간,중고품,거래,실천,중고품,마니아,중고품,기피증,우리나라,사람,미국,소비문화,합리성,사이버공간,실현,포부,귀국,1억,와와컴,단순,중고품,경매,사이트,문화커뮤니티,소비자들,문화,개성,존중,위주,라이프,스타일,경매,유도,물품,카테고리,세분화,일반적,카테고리,학생,카테고리,브랜드물건,브랜드,카테고리,방법,쇼핑,슬로건,Buy,Sell,Party,파티,기분,경매문화,2,300여개,물품,등록,하루,히트,정도,저력","미국,미래랩,한국,중고품,아메리칸,와와컴,하버드대,일본,홍콩,인터넷업,인터넷업계,컬럼비아대,전병훈,아이크,제3국,이정석,변호사,실리콘밸리"
1999-11-15,국제신문,송도 가을바다축제 개최,문화-전시_공연,"개최,송도,가을,바다,축제,송도,명성,서구주민들,축제,개최,70여명,서구,주민,구성,송도발전추진위원회,27일,3일,송도해수욕장,암남공원일대,송도,가을,바다,문화,축제,14일,축제,개막식,시작,방파제낚시대회,중고생,대상,대회,캐스팅,노인들,경로잔치,유행,DDR댄스경연대회,28일,송도해수욕장,암남공원,시민,대회,해녀,다이버들,대상,수중보물찾기대회,불가사리,경연대회,대회,총소년무용단,무용공연,송도옛사진전,해상유물전시회,먹거리장터,행사,행사관계자,전국최고,해수욕장,송도,명성,형식,테마,문화,축제,행사,마련,서구주민들,부산시민모두,송도,해양휴양지,탈바꿈,유도,계획","송도,해수욕장,개막식,서구주민들,송도해수욕장,명성,탈바꿈,경로잔치,사진전,송도옛,해상유물전시회,송도옛사진전,전시회,무용공연,휴양지,먹거리장터,무용단,전국최고,총소년,다이버들,방파제낚시대회,노인들,수중보물찾기대회,관계자,경연대회,송도발전추진위원회,부산시민모두,총소년무용단,부산,보물찾기,방파제낚시,해양휴양지,불가사리,중고생,암남공원,70여명,암남공원일대,ddr,ddr댄스경연대회,행사관계자"
1999-11-15,국민일보,(손에잡히는책) ‘환경의 세기’外,문화-출판,"환경,세기,환경,세기,2000년,독일,하노버,환경,박람회,출판사,독일,캄푸스,세기,비전,시리즈,자연,공존,21세기,패러다임,의도,기획,독일,일본,말레이시아,브라질,환경,자들,의견,제시,환경보호,필요성,공감,출신지,해결책,흥미,독일,바이츠제커,생태,효율,중심,원료,사용,재화,생산,21세기,주장,일본,학자,선진국,사이,도상국,이해,지적,지구,공동체,이해,대변,국제기구,강조,네덜란드,하르멘,페어부르겐,경제구조,변화,국민,생산,환경오염,의견,말레이시아,마틴,코어,개발도상국,선진국,원자재,공급국,비판,지속가능,선진국,지원,불가능,역설,생각,나무,1만,세계,종교,이야기,선사,시대,현대,지구상,존재,종교,인류,정신세계,섭렵,기행서,세계,종교,종교,생명,기원,의미,죽음,사후,세계,근원적,철학적,질문,신자,사제,기도,계율,신비주의,종교,이해,기본,개념,설명,민족,지역별,종교,창시자,교리,경전,중심,애니미즘,토테미즘,기독교,불교,이슬람교,힌두교,시크교,부두교,현대,과학,숭배,종교,포괄,이해,종교,발생,성장,무대,지역,지도,종교,분포도,장점,점포판,고대,메소포타미아,이집트,벽화,그리스,시대,유적,러시아,성화상,그림,자료,30여명,종교,전문가,20여명,삽화가,참여,출판사,프랑스,갈리마르,청소년,발견,시리즈,중앙M&B,1만,비전,진화,멸종,거대,파충,공룡,순식간,지구상,멸망,세기,인간,생존,갈림길,데드라인,2020년,제3,전략,인간,몰락,공룡,신세,라즐로,저자,어빈,하루,2배,수련,연못,지구,성장,인류,포화상태,주장,과학기술,부작용,지구,한계점,도달,인간,멸종,위기,선택,기로,프로젝트,라즐로,제안,인류,생존,전략,개인,희생,사회구조,타파,주장,탈중앙적,다문화적,국가,건설,환경,균형,지구적,협약,국가,안보,지출,국방,예산,인류,생존,재배치,민음사,9천","독일,21세기,선진국,말레이시아,라즐로,현대,1만,출판사,일본,메소포타미아,기독교,부두교,어빈,프랑스,갈리마르,도상국,분포도,지구상,캄푸스,민음사,하르멘"
1999-11-16,헤럴드경제,절박한 선택직면 인류미래 지향점 제시,문화-문화일반,"선택,직면,인류,미래,지향,제시,어빈,라즐,박사,비전2020,사회정의,개인자유,완전,보장,가치관,전략,인류,미래,모습,장밋빛,밀레니엄,미래서들,박사,어빈,라즐로,현대성,종말,지구적,차원,인류,위협,전망,뉴욕주립대,철학,교수,예일대,프린스턴대,연구원,로마,클럽,회장,라즐로,비전2020,변종헌,민음사,선택상황,직면,인류,지향,방향,제시,라즐로,인류,상태,진화,멸종,중대,선택,순간,갈래치기,bifurcation,지점,강조,혼돈,갈래,과학,용어,사용,위기,진화,가능성,설명,혼돈,위기,기회,이중성,철저,인식,대비,기회,제시,인류,과거,신념들,모습,사실,신앙,자유민주주의,공공부문,확대,공산주의,대안,현실,라즐로,자유주의,공산주의,고전적,전략들,시의,기능적,제3,전략,제시,제3,전략,사회,정의,공정성,보장,동시,개인,자유,자율성,완전,개인,사회,공진화,co-evolution,가치관,자리,변동,실험,2020년,가치관,변화,세계,인류,준비,라즐로,주장,제시,실천목표,우선적,실천,우선,개인,희생,대가,사회구조,진화,지배,최선,지배,명제,개인,성장,창조,공간,필수,국가권력,정치인,권력,제한,인류,집중,동시,통합,형태,국제,체계,발전,참여적,민주적,규모,문화,인성,기초,다문화사회,변화,방위,환경,균형적,지구적,협약,민족국가들,자결,자율,기초,인간적,규모,탈집중화,주권,집착,체결,협약,상호방위,해결,설명,라즐로,견해,현실적,이상적,측면,과학,이론,구체적,제시,미래,준비,길잡이","라즐로,가치관,어빈,공산주의,뉴욕주립대,지구적,민음사,실천목표,제3,비전2020,참여적,예일대,프린스턴대,bifurcation,연구원,갈래치기,균형적,공공부문,미래서들,현대,국가권력,신념들,민족국가들,상호방위,이중성,민주주의,다문화사회,로마,변종헌,자유민주주의,공정성,가능성,미래서,사회구조,전략들,다문화,탈집중화"
1999-11-18,부산일보,체코 냉전시대 종식,국제-러시아,"종식,체코,냉전,시대,종식,체코,냉전,시대,체코,슬로바키아,공화국,등지,프라하,냉전,시대,종식,세계,지도자,참석,벨벳,주년,기념식,바츨라프,하벨,체코,대통령,이날,기념사,국제기구들,세계,다극,체제,다문화,요소,반영,전면,개편,촉구,이날,기념식,고르바초프,소련,대통령,부시,미국,대통령,헬무트,독일,총리,마가렛,대처,영국,총리,레흐,바웬사,폴란드,대통령,참석,체코,세계,지도자,체코,최고,영예,훈장,흰사자상,수여,슬로바키아,공화국,4천,이날,시민,참석,벨벳,민주,수도,브라티슬라바,중앙광장,기념식,공산,체제,시위대들,프라하,AP,벨벳혁명,유혈충돌,보수,개혁세력간,보복,갈등,체코,민주,운동,벨벳,비유,벨벳혁명","체코,기념식,프라하,벨벳혁명,슬로바키아,공화국,바츨라프,지도자,개혁세력간,브라티슬라바,중앙광장,바웬사,영국,마가렛,레흐,국제기구들,유혈충돌,독일,시위대들,흰사자상,시위대,국제기구,기념사,폴란드"
1999-11-24,부산일보,(동정),문화-음악,"동정,동정,서울시,명예,시민증,홍콩,세계적,액션,스타,재키찬,성룡,서울시,명예시민증,재키찬,시설,서울,시내,아동,보육,1천,자전거,기증,3천만,불우아동,기금,전달,의사,사범회,창립,다회,고문,윤석관,죽로다문화회,24일,부산,해운대,하얏트호텔,창립다회,죽로다문화회,사범회,창립,다회,개최,죽로다문화회,81년,죽로다문화회,다도,교실,수료,2천,1백,다도사범,배출,1위,콩쿠르,플루트,플루티스트,박현정,로마,이탈리아,부키,국제,콩쿠르,플루트,1위,플루트,차지,서울예고,음대,미국,줄리아드,독일,뮌헨,음대,박씨,미국,뉴잉글랜드,컨서,바토리,석사,재학중,주한,정동식,동의대,미국학,연구소,소장,26일,미국학,연구소,리차드,크리스텐슨,주한,미국,대사관,공사,초청,한미관계,페리보고서,현안,주제,강연회,개최,출국,국제,체조,대회,참석,전무,정형근,부산체조협회,10개국,세계,체조,강호,개국,참가,이틀간,대만,타이베이시,선수단,국제도시,체조,대회,참석,출국,29일,귀국,예정","죽로다문화회,미국,재키찬,서울시,타이베이시,국제도시,사범회,하얏트호텔,1위,플루티스트,이탈리아,정형근,뉴잉글랜드,이틀간,시민증,부산체조협회,부산,크리스텐슨,윤석관,줄리아드,미국학,동의대,연구소,리차드,정동식,대사관"
1999-11-24,문화일보,-인터뷰-'신좌파의 상상력' 저자 조지 카치아피카스,문화-출판,"인터뷰,신좌파,상상력,카치아피카스,저자,조지,유럽,미국,학생혁명,일상,문화,시각,접근,신좌파,상상력,도서출판,카치아피카스,저자,조지,50,미국,웬트워스공대,운동가,대학,초년,반전,평화,운동,적극,가담,68년,정치,사회학,교수,신좌파,저널,학술지,편집장,정치학,코커스,멤버,학문,사회,패러다임,모색,학술운동가,성격,문제의식,학문정신,68년,대학,캠퍼스,바리케이드,언저리,한국,독자,21일,방한,열흘남짓,스케줄표,인터뷰,강연,일정,대학생,대화,깨알,10여년,저서,한국,독자들,반응,기회,한국역사,청년문화,주말,묘역,광주,망월동,예정,신좌파,상상력,68혁명,인류,잠재력,에로스,분출,평가,특징,저자,형태,억압체제,에로스,본능,68혁명,동인,動因,68혁명,정신,신좌파운동,신자유주의,전성기,저자,10년,주장,설득력,확신,20세기,신좌,의미,역할,관심사,이야기,87년,미국,출간,12년,국제정세,변화,68혁명,학문,입장,10여년,소련,붕괴,독일,변화,12년,주장,유효,요즘,89년,세계,변화,68혁명,정신,계승,생각,증거,한국,평화적,정권교체,헝가리,체코,민주화,광주사태,책임자들,처벌,결국,민중,소수민족,여성,인권,신장,생태보호운동,맥락,클린턴,미국,대통령,토니,블레어,영국,총리,게르하르트,총리,슈뢰더,독일,68세대,정신,영향,제3,신좌파,제3,68혁명,영향,신좌파,이야기,빈민,정책,신좌파,시각,혁명,에로스,관점,특이,에로스효과,의미,에로스효과,해방,본능,욕구,현상,68년,에로스,효과,폭발적,분출,의미,신좌파,조직적,이데올로기적,세계,대전,민중,실천,20세기,신자유주의,전성기,시각,신좌파,신자유주의,마디,다국적,주도,세상,체제,언어학자,사회운동가,노엄,촘스키,부자,부자,빈민,가난,악순환,신자유주의,자유,평등,가치,자유,중시,평등,상대적,무게,신좌파,자유,평등,동등,추구,신좌파,역할,중요,구체적,저항,국제,연대,정부,충성심,휴머니티,충성심,전환,의미,문화,혁명,가부장적,문화,저항,권위주의,도전,신좌파,문화,혁명,원동력,대안적,정치형태,신좌파,정치형태,저서,주체사상,언급,한국,학생운동,관심,파리,인도차이나,평화,세계회의,미국,학생,대표,참석,회의,북한,참가자,6.25전쟁,충격,미국인들,방송,한국,학생운동,보도,방문,한국,학생운동,세월,세대,한국전,한국전,얼마,노근리,보도,충격,코소보사태,미국,유럽,관심,아시아인,인권,관심,6.25,도서출판,번역,접촉,방한,참전용사기념일,공영,라디오,노근리,사건,보도,항의,전쟁,참전,군인,편지,낭독되,분노,한국,미국,예의,두려움,진실,진행중,학술운동,소개,저널,이번호,미국,극좌,운동,단체,블랙,팬더,특집,대원,팬더,해외,망명,사람,감옥,사람들,육성,다문화주의,약속,사이버,스페이스,라틴아메리카,사회운동,블랙,팬더,단행본,내전,아프리카,수단,미국,군사주의,저서,예정","신좌파,미국,한국,신자유주의,운동가,68혁명,광주,독일,노근리,10여년,조지,학술지,유럽,상상력,전성기,블레어,충성심,참가자,아프리카,20세기,도서출판,슈뢰더,망월동,클린턴,정치형태,한국전,에로스효과,제3"
1999-11-25,한겨레,"수험생, 전공학과 이렇게 골라라",사회-교육_시험,"수험생,전공학과,적성,흥미,번째,중요,적성,임은하,경찰대,학번,원래,통계학도,명문,여자,대학,입학,간판,적성,중요,판단,작용,진로,선택,파출소장,사법시험,합격,임씨,사례,대학수학능력시험,수험생,중요,판단거리,제공,점수,자신,판단,대학,전공,선택,인생,성공,가능성,사실,한순간,선택,평생,후회,가능성,신입생,서울대,신입,대상,설문조사,결과,37.7%,학생들,전공,응답,전문가들,대학,선택,으뜸,적성,흥미,전공,선택,희망,성적,대학,선택,충고,이유들,오늘날,사회,만큼,인기,학과,10~20년,예측,21세기,대비,전공선택,연구원,이영대,한국직업능력개발원,21세기,학문,지식,충고,독일,교육,연구부,조사,자료,근거,미래,인간,관심,주제,생태학,환경,공학,유전,공학,생물,공학,자연기술,세계,육아,상호,의존,사회,교육,세계,외국,문화,매체,다문화,사회,정보기술,사회,요소,주제들,토대,21세기,뿌리,수학,생물학,기초,물리학,화학,역사,사회질서,윤리학,종교학,음악,문학,미술,전통적,교과목,의학,건강,인간,정신,인성,사회관계,공존,언어,의사소통,정치,경제학,현대적,교과목,이씨,대학,학부,논리력,창의력,교양교육과정,중요,영어,외국어,정보처리,컴퓨터,교육,기본,경제,경영,지식,분야,기본,취재,혼자,편집,경영,처리,비디오,저널리스트,세기,직업,리포트,미국,유에스,앤드,월드,환경,전문,회계사,광고,웹사이트,기업컨설턴트,건강치료사,헤드헌터,언어치료사,차세대,직업,전망,머니,미국,잡지,21세기,직종,컴퓨터시스템,물리치료사,심리학자,직업병,의사,경영컨설턴트,시각,반대,2005년,일자리,직업,노동부,미국,농부,타이피스트,부기,회계담당,서기,은행출납원,재봉사,청소부,가정부,전화교환원,인사,사무,직원,데이터입력원,컴퓨터오퍼레이터,직업,보기,산업화,정보화,진전,직업,운명,교육과정,개편,단장,한창,대학,학과,전문가들,진단,여성인력수요,세기,유망,직종,여성,인력,수요,전망,여성들,시대,21세기,여학생들,육체적,노동,고부가가치,생산,정보산업,비중,미국,정부,세기,직업,세기,직업,능력,보고서,전문직,노동시장구조,21세기,전문직,예측,전문직,숙련기술직,수요,상대적,여성들,일자리,전망,취업담당관,김농주,연세대,취업,담당관,특화,노동력,여성,전문가,21세기,각광,영상물,필름딜러,컴퓨터,게임,디자이너,정보검색사,노인,복지,전문가,청소년,지도,전문가,심리상담가,정부,기구,활동가,노동부,한국직업전망서,웹마스터,통역사,애니메이터,텔레마케터,여행안내원,메이크업,아티스트,일자리,직종,분류,여성들,직종,전화교환원,생활설계사,은행출납원,일자리,노동부,성장직업,20가지,신생,직업,가지,목록,여성,도전,직업,분야,여학생들,주목,성장직업,증권중개인,경영컨설턴트,작업치료사,전문비서,텔레마케터,법률사무원,선물거래중개인,변리사,특수학교,교사,직업상담원,생물,공학,기술자,환경,공학,기술자,전기,공학,기술자,전자,통신,공학,기술자,엔지니어,컴퓨터,프로그래머,웹마스터,보안,서비스,종사자,여행안내원,번역사,통역사,신생직업,음악치료사,호스피스,임종,환자관리,전문간호사,국제회,기획,진행자,운동처방사,학교,사회사업가,장애인직업능력평가원,여행설계사,사이버,기상,캐스터,캐릭터,엠디,조향사,향기,베타테스터,소프트웨어,오류파악,게임시나리오,작가,운영자,인터넷,쇼핑몰,정보제공자,정보,감사사,컴퓨터,중매인,웹디자이너,정보,컨설턴트,컴퓨터,바이러스,치료사,보안,프로그램,개발원,성장,신생직종,전문지식,숙명여대,음악,치료,대학원,이화여대,교육,대학원,교육연구소,가톨릭대,호스피스,교육,연구소,한림대,국제학,대학원,한국체대,생활,체육,연구소,전문대학원,연구소,직종,수험생,대학졸업,대학원,연계,공부,고민,전문가들,주문","전문가,21세기,치료사,기술자,미국,대학원,일자리,전문직,노동부,연구소,기술직,중개인,경찰대,경제학,웹마스터,설계사,종사자,통역사,개발원,활동가,전문가들,회계사,생태학,여성들,정보기술,신생직업,숙련기술직,20가지"
1999-11-25,세계일보,(해외논단)무너지는 유럽사회,국제-유럽_EU,"유럽사회,유럽,나라,정부,참여,녹색연합,유럽,건설,계획,우호적,환경친화적,다문화적,사회,건설,의미,녹색연합,유럽,통합,신속,확장,지지,개별국가,시장,대항,역동적,국가,시민,사회,등장,지지,자원,에너지,세계,공유,의미,공동,자유무역,경쟁,개념,지지,유럽,건설,대원칙,예방,보존,예방,장래,위험,유럽,특유,생활방식,보존,광우병,닭고기,다이옥신,오염,유전자,조작,농산물,파동,예방,필요성,인식,식료품,안전,빙산,일각,예방원칙,인간,활동,전반,적용,생태학자들,주장,일본,토카이무라,사고,동유럽,농산물,핵오염,핵에너지,생산,예방,원칙,적용,녹색연합,유럽전역,핵발전소,단계적,주장,까닭,몽블랑,터널,붕괴,사고,사고,런던,열차,충돌,예방원칙,교통,적용,유럽각국,대기,오염,축소,예방차원,세계적,기후변화,리오,교토,환경,회의,결정,온실,가스,배출,축소,결정,이행,유럽,녹색연합,생각,최우선,세계적,시장,돌풍,직면,유럽,평화,안정,서구,국가,경제,강화,각국,경제,사회,환경,정책,규제,조율,유럽,내부,기준,합의,상태,시장,논리,경제변화,지배,결과,대량,실업,발생,사회,보장,장치,약화,한마디,사회,붕괴,사회생활,안정,위기,유럽,사민당,기민당,해결책,제시,대중선동가들,민족주의자,극우파,극좌파,득세,시작,외국인,혐오,인종차별,능사,극단세력,등장,오스트리아,유럽,도시,반사회적,무분별,폭력행위,일상적,동유럽,공산,각국,상황,베를린,장벽,10년,동구,각국,경제,재건과정,경제발전,국가들,경제,서유럽,각국,유대,동구권,정책,규제,조율,사회적,환경적,공해,실업,동구,과거,공산주의,생활안정,보장,생활안정,상실,다각적,민주주,체험,까닭,동구,사회,민족주의,권위주의,가능성,보스니아,코소보,러시아,장담,상황,시장원리,촉발,변화,마련,사회,안전,장치,환경,파괴,예방,각국,차원,유럽,차원,시장규제,개입,사회,미래,예측,통제,차원,개별,국가,소련체제,붕괴,입증,국가,시장,사이,제3,세력,활동,시민사회,시민사회,개인,집단,의식,여론,시민단체,결성,대항세력,유럽,녹색연합,유럽,전반,식생활,농사법,보존,사회,고용,안정,보장,공산권,국가들,터키,유럽연합,조기,가입,발칸,적대,청산,자유,평등,호혜,3원칙,통합,단일,국가,유럽,지향,다니엘,콩방디,녹색당,당수,로스앤젤레스,타임스,신디케이트","유럽,각국,동구,녹색연합,시민사회,농산물,동유럽,공산권,유럽연합,식료품,콩방디,다니엘,교토,런던,예방원칙,유전자,토카이무라,생활안정,몽블랑,일본,국가들"
1999-11-25,경향신문,'신좌파의 상상력' 저자 美 카치아피카스 訪韓 인터뷰,문화-출판,"신좌파,상상력,저자,미국,저명,정치학자,6월,번역,출간,신좌파,상상력,카치아피카스,저자,조지,방한,카치아피카스,신좌파,학생혁명,프랑스,학생,혁명,촉발,세계,진보운동,외견,실패,신좌파운동,모태,주장,권위,절대시,신좌파,무기,말문,68운동,의미,운동,세계인들,부당,정치권력,진보운동,70년대,미국,들불,장애인,여성,동성애자,차별,소수들,투쟁,68운동,연장선상,지구촌,사람들,일상,변화,뿌리,68운동,세계적,신자유주의,물결,신자유주의,노동자,권리,외면,거대,이익,보장,세계적,노동자,생활수준,빈부격차,신자유주의,확산,저지,제3세계,연대,시점,80년대,한국,사회,변혁,운동,전개,평가,그동안,대중,매체,한국,진보,사회,운동,고무,서울,광주민주화,운동,영문서적,구입,국회도서관,방문,한국,사회운동,계획,한반도,지구상,마지막,냉전지대,남북통일,생각,동독,군사력,북한,군사력,한쪽,흡수통일,생각,체제,고수,통일,북한,경제력,남한,국민,1인,100원,기부,통일기금,독일,통일,예기,한국,준비,중요,인터뷰,순간,카치아피카스,노근리사건,한국인,노근리학살,주도,미군,처벌,요구,유태인,학살,나치,전범,역사,심판,한국,전쟁,양민,학살,미군,처벌,한국인들,침묵,미국,요구,학살자,처벌,실천,정치학자,사회,핵심,카치아피카스,초청,서울대,학생회,25일,그날,사회,과학,서점,강연,26일,서울,남영동,사회,진보,연대,사무실,노동,사회운동가,토론회,27일,묘역,광주,망월동,참배,사진,카치아피카스,미국,웬트워스공대,인문,사회,과학부,교수,재직,카치아피카스,70년대,미국,좌파,운동,참여,실천,지식인,프랑스,혁명,세계,권위자,진보,사회,운동,이론,기초,구축,주력,독일,저명,마르쿠제,사회학자,헤르베르트,제자,독일,통일,일상생활,반란,강조,정치,변화,실천,학자들,운동가들,모임,정치학,회의,CNP,활동,단체,기관지,신정치학,www.urbsoc.org,nps,편집장,자신,저서,비판,사회학,입문,라틴인들,사회운동,다문화주의,희망,정치,전복,사회운동,세기,후반,사회,운동,밀도,진보학계,주목","카치아피카스,미국,한국,사회운동,프랑스,신좌파,광주,신자유주의,서울,독일,한국인,운동가,68운동,노동자,사무실,정치학자,남한,그동안,나치,군사력,학생회,헤르베르트,망월동,사회학자,미군,서울대,지식인,웬트워스공대,신좌파운동,진보운동,남영동,조지"
1999-11-26,중앙일보,(밀레니엄 인터뷰) 카치아피카스는 누구,문화-출판,"카치아피카스,내한,조지,카치아피카스,George,인문사회과학부,Katsiaficas.,미국,웬트워스,공대,인문,사회,과학부,교수,68혁명,신좌파,이론가,한국,조명,상상력,세계적,차원,번역,출간,87년,68혁명,교과서,자신,68혁명,소용돌이,옥살이,경험,신좌파,68혁명,혁명,정치,문화,거대,융합,해석,카치아피카스,명제,도출,마르쿠제,독일,출신,비판,이론가,헤르베르트,효과,개념,해방,본능,욕구,개념,사유,근접,지름길,과거,혁명,권력,획득,치중,68혁명,일상,권력,권력,마음,작동,자본주의,관심,자본주의,권태,일상,반란,가능성,요약,카치아피카스,학자들,사회운동가들,정치,모임,정치학,회의,참여,단체,신정치학,편집장,편저,입문,비판,사회학,다문화주의,희망,라틴인들,사회운동,저서,정치,전복,운동,유럽,사회,일상,생활,탈식민화","카치아피카스,68혁명,신좌파,헤르베르트,이론가,웬트워스,자본주의,독일,사회학,유럽,미국,탈식민화,인문사회과학부,신정치학,라틴인들,다문화,편집장,정치학,라틴인,지름길,다문화주의,가능성,옥살이,학자들,한국,상상력,사회운동,마르쿠제,조지,사회운동가들,과학부,운동가,george,혁명,사회"
1999-12-04,서울신문,임기3년 남기고 한국기독교장로회 총무 사퇴한 박종화목사,문화-종교,"임기3년,사퇴,한국기독교장로회,총무,박종화목사,94년,한국기독교장로회,기장,총무,활동,박종화,朴宗和,목사,기장,총무,사퇴,5일,서울,중구,장충동,경동교회,담임목사,시무,목사,담임,목사,취임,사실,목회활동,진보적,노선,80년대,민주화,요람,명성,경동교회,목사,경동,교회,목회,교회,다짐,경동교회,담임,목사,배경,당회장,중심,목회,의견,담임목사,임명,사정,경동교회,내부,임기,한국기독교장로회,총무,3년,경동교회,초기,도덕적,영적,공동체,운동,평소,소신,결정,현장,목회,활동,시작,소감,30,40대,독일교회,선교사,역할,한국,인권운동,가담,50대,기장,총무,행정,해외선교,경험,학문,행정,사회개혁,교회갱신,한국,교회들,지침,모델,현장,경동교회,평가,한국기독교장로회,뿌리,조선신학교,한신대,경동교회,그중,경동교회,기장,출생,모체,한국사회,근대화,기독교,지성,전문,인력,양성,기여,후반,사회,역할,내면화,이젠사회속,참여,소금,역할,경동교회,운영방안,교회법상,당회,제직회,공동,의회,예배,문화선교,20여개,직능별,위원회,협력체제,가동,경동교회,성격,지성인,모임,교회들,연대,사회,소금,전위대,경동교회,규모,여해문화관,복음,진수,바탕,문화예술,사회,심리,요소,포함,공간,문화관,제공,목회,예배,주관,개방,교회,자정,개혁,목소리,물량주의,교회,세속,다리,기복신앙,교회자체,기득,세력,위험,교회,제사장,입장,위로,목회,예언자,비판,가치관,체제,정치종교,퇴락,2000년대,교회,변화,예상,교회,갈등,해소,위로,목회,도덕,해이,근본적,원인,파악,도덕,처방,제시,평소,교회,NGO,측면,강조,시대,다문화,다종교,교회,교회,교회,NGO,NGO,예언자,비판,제사장,위로,토대,자주성,교회,자체,도덕,윤리,사회,구심체,역할,바탕,신앙,불의,타협,거부,진실,추구,사회,실체,부정부패,추방,운동,개인적,소망,계획,교회,충실,운동,세계,교회일치,적극,계획,지금까지새로운교회,헌신,자부,아버지,아버지,형제,동생,목사,아들,신학,대학원,졸업반,직업상,종교인,전통,신앙인,목회활동,목회","경동교회,한국기독교장로회,한국,도덕적,담임목사,졸업반,문화관,제사장,박종화,제직회,기독교,다문화,목회활동,서울,교회일치,다종교,지성인,ngo,교회들"
1999-12-07,경남신문,(지금 교육현장에선)(4),사회-교육_시험,"교육현장,계승,자주적,학습,역점,김해교육청,김해사랑,발간,교사,지도서,수업,정착,추진,지원,활성,인터넷,활용,정보력,신장,이순휘,김해교육청,교육장,수업,지원,체제,확립,교육행정력,집중,학교,생동감,교사들,창의적,교육활동,전개,학생들,지력,인성,교육부,교육,시범,교육청,지정,김해교육청,독서교육,강화,가야,계승,정보,활용,능력,신장,존경,스승,확립,중점과제,설정,일선,학교,장학,재정,교육,행정,지원,체제,구죽,정보,시대,정보,습득,능력,평가,판단,김해교육청,독서교육,역점,학교,여건,독서,교육,프로그램,다양화,독서의욕,학부모,독서,지도,교실,운영,교실,학생,독서,우수,독후감,발표회,독서,토론회,독서,행사,마련,자주적,학습,태도,학생들,김해,사랑,가야,계승,교육,김해,유적지,순례,코스,선정,학생들,현장,체험,학습,가야,체득,재량시간,활용,고장,김해,이해,사랑,마음,가야,자료,병행,6월,고장,김해사랑,교사용,지도서,발간,중학교,보급,김해시민들,교육대상제,스승,존경,풍토,확산,교육대상,교실,교육,대상,향토문화,발전상,향토,사회,봉사상,근검절약,알뜰상,체육발전상,분야,12월,시상,김해교육청,수업,정착,지원,체제,활성,방안,주제,중등학교,연계,개선,교실,수업,선도교사제,학교,체제,연계,협력,학교,교수,학습,자료개발,보급,토론회,지구,장학,운영,학교,지원,주력,신장,정보,활용,능력,김해교육청,역점,추진,자랑,교육과제,초등학교중,김해시,초등학교,수업,인터넷,활용,가능,14개,전산망,학내,중등,정보종합시스템,구축,학생들,다문화,교육,현실,세계,학습,경험,고등,사고력,정보,창출,자율학습,능력,배양,교사들,교사간,협력,전문,신장,평생,교육,실현,주력,자료실,교육청,교육,정보,교원들,개방,정보활용,능력,신장,교육,효과,극대화,김해,교사,컴퓨터,연구회,운영,자율연수,교육,정보,목록,햇바람,정보,학교,사이트,운영,활성화,재정적,지원,김해교육청,급속,발전,교육시설,여건,개선,행정력,최우선,영운중학교,9월,단설김해유치원,개교,가야초등,9월,구산초등학교,개교,예정,2000년도,삼계초등학교,유하초,중학교,경운학교,신설공사,착공,교실,부족,학생,학부모들,불편,최선,이순휘,교육장,교육,구성,3요소,교원,학생,교재,핵심,교원,교원,마음,학생,교재,학생들,머리,물음표,가슴속,느낌표,자리,마침표,폐쇄적,교육,물음표,느낌표,역동적,교육,추진,최선","김해교육청,김해,가야,학생들,교육청,활성화,학부모,정보활용,발전상,봉사상,중학교,느낌표,물음표,행정력,토론회,교사용,햇바람,지도서"
1999-12-16,부산일보,(동정),문화-학술_문화재,"동정,동정,방중,자매결연,체결차,총장,김용태,신라대,최광준,교류,부장,김윤경,중국학,교수,푸단대학,중국,상하이,자매결연,중국,방문,금호,음악,수상,지휘자,임원식,추계예술대,교수,홍연택씨,코리안심포니,음악감독,수상자,금호,음악,선정,한편,금호,미술,서양화가,신학철,금호생명과학상,서세원교수,서울대,화학과,회장,취임,김선홍,밀양향토청년,회장,화랑뷔페,경남,밀양시,삼문동,회장,취임,김회장,지역사회,봉사,사회단체,변모,다짐,한국,문학,수상,소설가,오성찬,수상자,한국,문학상,선정,수상작,아리랑,소설집,진혼,시상식,22일,강당,한국문화예술진흥원,특별예절교육,윤석관,죽로다문화회,사범회,고문,운문승가대학,경북,청도,운문사,50명,회원,스님,발우공양작법,식당작법,교육,특별,예절,실습","중국,수상자,자매결연,금호,한국,서양화가,최광준,운문사,김선홍,경북,경남,삼문동,한국문화예술진흥원,소설집,신라대,윤석관,김용태,소설가,체결차,상하이,공양작법,금호생명,발우,식당작법"
1999-12-21,전북일보,종합발전계획 수립 '살기 좋은 고장' 건설,지역-충남,"종합,발전,계획,수립,고장,건설,종합,발전,계획,수립,고장,건설,蠟諡,獗瀟纛澱獗∼翫流臻齷穰,중절,전경,화신,논개사당,7째경섦,생정기,f활건,조강노,羈寗機,滅夕楡飾밸椒r戮漱戇,종합,발전,계획,수립,고장,건설,醬拳裙騙殲飾澈政,철겨1급,농어촌,지방,상수도,사업,간이,상수도,시설,보수,사업,추진,방침,백용성,조사,탄생,성지,성역,사업,조감노투명햄정,내년,년동안장수군,제시,군종합발전계획,수립,군정,군민,군민,불편,참민주봉사행정,계획,먼지,지역간,균형발전,지역,특성,수립,군점,일관성,편익시설,획충,노인,어른,교통수당,지급,경로당,문영비,지원및,시설,보수,사업,지속적,1한,소년,소녀,가장,부자,세대듬,불우,이웃,지원,강화,의료원,시설,장비,보강,보건지소,번암,천천,신축,확충,군민기,농업,생산,시설,지속적,확충,지역특회작목,집중,육성,농산물,생산,농업,경챙력,농가소득,계획,격지적리,밭기반적비사,특성,지역,특화,녹화,사업,가로수,조성,사업,시행,임도,신규개설,보수사업,지속,추진,와룡자연휴양림,방화동가족휴가촌,시설,보완,이용객,편의,세입,증대,계획,용림댐,축조,게획,장안산,군립공원,변겸,조성사업,밤화동,자연,휴임삠,조성,사업,추친,방침,확장,화사업,문화,관광,사업,추친,논개,생가지,확장,백용성,조사동양,추친,장수,화훼,단지있,예산,효율적,집행,투자효과,극대화,방칩,2020년,장기,수립,종합적,정립,계획,군점설명희,군민들,1게,군정방힝,설명,에산,결산,공개,간답희,군민,수렴,보화,사업,추진,박차,불우,이웃,지원,강화,사회,구축깨,횐경,보존,특화작물,특화,작물,확장,육성,논개,생가지,백용성,조사생가,복원,마무리,목원사념,마누리,의암호,지지계곡,무령고개,대곡호등,팔각정,수상스키장,보트장,주차장등,장안산주변,관광단지,쳬류,관광벨,트로개,계획,고장,관광객,볼거리,놀커리,제공,논개생가지,주민설문조사,군민,의견,군점,빈영,공무원,군민,친절,봉사,자서,획큅,계획,정보화,시대,대음,행정,종합,정보,사업,개인,컴퓨터,확대,보급,공무원,능력항상,사기진작,외국어,교육,우수,제안,공무원,표창,확대,기계,겸작,포참,염농,조성,사업,농가,호응,객토사업,토양개량제,공급,지력,증진,사업,추진,사과,재배,면적,지속적,확대,포도,고소득,지역특화작목,집중,지원,출하사업,농산물,규격,출하,사업,적극,당도,장수사과,군민,복지,증진,이웃,노인,지원,강화,사희,분위기,조성,십혈,방침,생활보호대상자,생계비,학비지원,장애인,의료비치원,건강증진,복지항상,만전,기할계획,청정,환경,보존,환경보존,세계적,추진,지방의제Zr추진협의회,구성,운영,계획,각종,오염,물질,배출,사업장,지도감독,강화,장수,하수,종말,처리장,착공,장계,하수,종말,처리장,설계,발주,축산폐수공공처리시설,가동,수질오염,방지,계획,사용중,쓰레기,매립장,철저,괸리,농촌,폐기물,종합,처리,시설,과비,위생,매립장,정비,쓰레기,위샘적,처리,군민,공산림,자원,육성,경제,환경,가치,산림자원,조성,관광자원화,산림,친환경적,군민,소득기반,경제수,2백,조림사업,5백,육림사업,서행,지역,노천범백용,조사생,준공식과병행히여,5박,일정도,거국적,도악,거행,장수,전국,계기,계획,건설중,고속도로,개통과,등부,산악,교통,요충지,면모,농어촌도로,지속적,확장,포장,장수와,장계,도시,시설,확충믄,오지개발사업,주민숙원사업,추진,방칟,조성사업,장계,농공,단지,조성,사업,차질,추진,古回,지역,경제,활성회,도모,농촌,발전,최선,노력,계획,장수","장계,공무원,조성사업,백용성,추친,매립장,군점,농산물,농어촌,장안산,군민기,보수사업,확충믄,활성회,논개생가지,생가지,겸작,관광벨,논개사당,화신,처리장,번암,천천"
1999-12-23,전북일보,신바람나고 살맛나는 새임실 구현,지역-충남,"신바람,살맛,새임실,신바람,살맛,새임실,임실군,郡政,결산,봉사,행정,역점,복지공동체,주력,효율,조직,개편통,절감,예산,지역,사선대,확장,의견공원,추진,관광,진흥,적극,이형,임실군수,금년도,군정,추진,군민본위,봉사행점,역점,복지,공동체,구성,지속적,군점개혁,추진,군민,중심,군정구현,달성,업무,임실군,발전,군민,이익,전국,방방,이군수,주민,의견수렴,고충파악,현장행정,저비용,효율,조직,효율적,조직개편,단행,블요,불급,예산,절감,주민소득사업과지,역개발,재투자,특색,행사,개최,문화행사,소충저,군민의날,사선문화제,소충,사선,문화제,롱합,대내외,군민,임실인,자긍심,애향심,군민,화합,승희,지역,인재,양성,구중,애향장학금,84명,하생,8천,지급杖1,임실,숙원,4년,예원대학교,한국음악학과,학과어1,마생,모집,특섬,학교,내년,개교,예점,앙질,의료서비스,제공,기추,진료,과목,방과,신설,의료시혜,문영,환경,교육관,건립,축산,폐수,처리장,환경,소득,증대,조성,개밤,농산물,공동,브랜드,입실고추,명품회어,주력,한편,농산물,해외수츨,직가래틀,연간,소득,21세기,사업,각광,관광진훙,지역,혹진,사계절,썰매장,사선대,확장,의견공,조청사업,추진,한편,도시,여건,조성,시가지,도로망,확포장,구상,임실군,장기,발전,세기,임실,비전,마련,군민,희망,성과,1임실,을귀,국토칭,군동메,무ㅋ실J,ㅋ실,원들,하입,상호교뛰,위펩,쁘뜨귄,르끄켤,이형,임실,군수,수정,개설,소재지,면모,구상,임실군,장기,발전,비전,세기,임실,마련,군민,희망,군민,위주,자치,군정,실현,임실군,1년,주민,여과,의견수렴,고충파악,군정살명회,1일,명예군수저1,현징이동민원실,간담회,순회,이잠,현장행정,군정침,분위기,확산,8천,새임실소식지,군민,출향인,기관단처,배부,참여,군정,노력,공조직,축소,극대화,상황,극복,개혁,주체,임실군,정조직,지난,91명,감축,지비용,고효큘,조직개편,단행,자치단체,문영,임실군,내실,구조조정,건전,재정운용,불요,블급,예산,18억,절감,주민,소득,사업,지역,재투자,예산규모,군정사상,1천억,돌파,한편,예산,도내,군중,유일,임실군,증액예산,편성,건전한,재정운용,화합,인재,양성,개최,소충제,사선문화제,거행,소충,사선,문화체로,통합,군딘,화합,마련,cI개발,군기,군민헌장,군민,긍지,군민결속,임실군,이미지,대외,계기,마련,의회,한편,행정,민간단체,침며와협조,부산,진구,서울,강사구,동서간,도농,자매결연,상호교류방운,지방,세계,부응,중국요녕성,청원현과미국미너,타주,1카시,국제교류,청원현,조선족,포함,중국여성,신덕김치공장,연수,신덕,김치,공장,교류,지역주민,숙원,4년,대학,각고,한국음악학과,기공식,내년,한국,음악,학과,12개,학과,2백,개교목표,신축중,95년,지역,주민,향우회,각층,해외,교포,각계,임실군,인재,육성,조성,15억,힝장학금,토대,98년어,84명,선발,8천,장학금,지급,환경,5붤,준공,농촌,폐기물,종합,처리장,효율적,괸리,운영,노력,임실군,대표적,청점,환경,지역,대내외,부각,문면,문종리,환경,교육관,건립,보강사업,축산,폐수,공동,처리장,보강,사업,추진,환경보전,실천,교육장,전망,농가,소득증대,소득증대,농가,소득,증대,오이,장미,수출,농업,직거래,도농,농산물,게획,지역안정,경영행정,애향화합,군민,애향,화합,소충,사선,문회처,오수의견제,통합,방안,단계적,검토,재외,출향,인사,교류촉친,보급,새임실,식지,증면,발행햐,확대,보급,실근,부산진구,자매걸연식,떼길,嶼柔,墟瀜,봉사행정,역점,복지공동처,주력,효율,조직,개편통,확장,절감,에산,지역,투자사,선대,의견공원,추진,관쾅,진흥,적극,목표액,달성,때까치,군민,지속적,모금운동,계획,문화,복지,확대,청정환경,조성,군민,회관,대중화,오수,공공,도서,건립,징애인,단체,자립,복지,기금,조성과,국가,중요,무형,문화재,지점,감진,필봉농악단,중국등,공연,중국,롱한국위선양,임실군,우수성,필봉농익,전국,농악경,연대희,대상,차지,호남,농악,우수성,획인,군민들,앙잘,의료서비스,제공,보건의료원,내과,외과,소아과,산부인과,이비인후과,과목,진료,방과,신설,보다나,의료서비스,제공,인구,고령화,노인들,건강괸리,노인건강대학,독거,노인,무료,검진,건감상담실,운영,의료,시살,현대,종합병원수준,의료서비스,제공,노려,연간,소득,영세농,보호,행정,농협,농기업,자금,66농가,16억,6백만,지원,임실,고추,명품,관촌,고추,상설,판매장,운영,농산물,공동,브랜드,보급,품평회,주력,햐여,전국으뜸,농산물,대상,은상,입상,금상,연속,쾌커,지역,농민,자긍심,임실고추,우수,성몰,전국허,관광진흥,지역개발,촉진계획,안정사희,조성,범죄,마을,현황판,정비,검찰청,등관계부서,협의,범죄,마을,추가,지정,조직운영,자율,방범대,조직,운영,활성회어1주력,이징단,조직,활성회어,주력,랄레이,한편,칭찬,문동,승화,방침,경영행정,공무원의자,가발,국저,마인드,해외,배낭여행,기획팀,구성,타시,우수,사례,발굴,군정,심벌마크,C1,육성,문화,관광,사선대,벨트화,체류,종합,관광,벨트,와중십,캐릭터,발과,충견,화로오수개,연계,이지미,휘장,상품군,이지미,세수증대,소재,유사,오수,전국,의견박물콴,경견,투견,시설,개종합센터,구비,의견공원,5만,규모,조성,세계적,명견명소,오수,신평,위치,농공단지분양,중소기업,유치,노력,연밀,분양,여건조성,도시,여건,조성,소도읍정비,위허,임실,소도읍,정비,시가지,포장,시가지,임실고,실익추구,교류,사업,계획,군민,향상,군민,항상,징매인,노인,시책,발굴,지왼,물우계층을짖,Hㅓ,복지행정,의료,서비스,제공,만전을기,계획,뭍공급,중견,의견공원,철저,임실,상수도,확장,개량,마무리,군민들,안심,수돗물,환경,오수,임실,하수,종말,처리장,보강사업,농촌,폐기물,처리장,보강,사업,완벽,시공,환경교육콴,성실,마무리,SF,환경,보호,실천,의산,교육장,운영,문화체육,관광진흥,문화,체육,공간,확충,계승발전,삼계,전통문화,계승,발전,군민,체위항상,쳬육,시설,확충과,쳬육,동호인,활성화,기금,조성,예정,사선대,종합휴양지,사선대,확장,과민간,투자,적극,유도,정비,시선,대내,조각,공원,사선,건립,섬비산성,복왼,연계,추진,하교,오수,세계적,명견,명소,단기적,의견공원화,상품화,오수개,캐릭터,상품,장기적,졍견,제정등,후속,조치,마련후,민외자,투지,경견장,유돈,소득향상,지역개발,농민들,안정적,소득,소득,금고,자산,확충,영세녹,보호,고추,판매장,주가개살,구조개선,농산물,유통,구조,개선,작목,집중,육성,연차적,보급,산지이용,효율적,관리,녹화사업,옥정호,경관림,조성,지역,특색,녹화,사업,종합개발,한편,산촌,종합,세심,자연휴,조성,심혈,계획,지역경제,활성화,신평,오수농공단지,정상,가동,관내,유망,중소기업,적극,유치,홍보활동,강화,한편,중소기업,자금,확충,기업,운영,추진,계획,도시,확충,정비,임실,도읍,오수면,지역,촉친,후리,도로,개설,정주생활권,주력,군청,소채치,도시계획,재정비,필두,연차적,현실,정비,임실,주력,임실","임실군,임실,농산물,처리장,지역개발,사선대,소충,새임실,의료서비스,8천,시가지,의견공원,부산진구,보강사업,중소기업,재투자,한국음악학과,교육장"
1999-12-24,MBC,사랑 . 화해의 성탄,문화-종교,"사랑,화해,성탄,사랑,화해,성탄,앵커,문명사가들,종교간,충돌,문명간,충돌,걱정,24일,불교,기독교,아기예수,탄생,축하,모습,자리,취재기자,이보경,앵커,예수,탄생,미사,축하,예배,시작,이보경,24일,11시,본격적,자정미사,전국,교회와성당,자정미사,예배,하늘,영광,평화,성탄,메시지,사전,축하,행사,명동성당,초저녁,신도들,아기예수,탄생,축하,말구유,경배,예절,이벤트,마련,이웃,모금행사,적극,참여,모습,개신교,성탄,행사,교회가참가,시간,경배,찬양예배,지속,앵커,차원,불교도,종단,아기예수,탄생,축하,인사,이보경,앵커,이보경,대한불교,조계종,아기,예수,탄생,축하,현수막,23일,조계사,큰길,조계사,예수,탄생,축하,연등,분위기,개별,사찰,축하,표현,종단,차원,행사,이번이처음,조계종단,결정,하계사,보광사,연주암,사찰,축하,현수막,동시,종교인들,얘기,일철,스님,중생,이웃,종교,성인,존경,다문화사회,김동완,목사,다문화,사회,종교간,생각,불교,천도교,종단,겨레,운동,평화,화해,앵커,종교끼리,화합,이보경,1일,내년,가톨릭,불교,개신교,종단,참여,겨레,운동,예정,부산,목포,출발,신의주,인간띠,계획,종단들,이종파,초월,추진중,올연말,내년,사흘,시간,종교인,행사,종단,협력,예정,종교,화합,움직,반목,공통인식,기초,앵커,종교,충돌,얘기,세계,논객,19세기,자유,시대,20세기,평등,21세기,박애,시대,예견,종교,매개체,의욕,작용,종교,화합,가능","이보경,종교간,아기예수,불교,현수막,조계사,종교인,움직,예수,개신교,자정미사,김동완,불교도,신의주,조계종단,인간띠,하계사,추진중,교회와,보광사,목포,교회와성당,공통인식,이번이"
1999-12-28,경인일보,학생중심 교육 21세기 인재요람,사회-교육_시험,"학생,중심,교육,세기,인재,요람,학생,중심,교육,세기,인재,요람,최고,교육,기관,한양대,독자,전형,기준,인성,특기소지생,선발,다중전공ㆍ전과제,활성화,학업기회,개교,시설,확충,전문,교육,강화,개교,주년,한양대,시설,확충,전산화,세분화,전문,교육,21세기,능력,미래,인재,양성,주력,한양대,하이테크,하이터치,시대,리더,품질,교육,걸음,챔피언,스타,플레이어,재정,대학,대학,다인종,다문화,슬로건,영향력,교육기관,자리,박차,한양대,입시,주목,대학,독자,기준,전형,마련,사회봉사,학교장,추천,실업,고교,우수자,수능,성적,영역,국가,독립,유공자,자녀,지역학생,3대,가족동거,효행자,전형,모집전형,성적,학생,인성,전문특기,학생들,우선적,선발,의지,전형,국가,유공자,자녀,효행자,전형,신설,순국선열,애국지사,자녀,직계,자녀,국가보훈처,생활등급이하,소득,계층,등급,표상,생활,등급,학생,고교,재학,보건,복지,시ㆍ도교육감,학교장,효행,수상,경력자,추천,학생,지원,한양대,전과제도,다중전공제도,교비유학제도,교환학생제도,학생중심,학사제도,교과제도,기회,제공,전과제도,학생,입학,학과,전공,적성,학과,제도,전과,희망,학생,1학년,과정학점,이수,학과성적,평점,3.0,등록,학기,6학기,초과,학생,동일캠퍼스내,허용,원칙,인문계열,자연계열,전과,의과대학,전과,예ㆍ체능계열학과,특기생,입학자,허용,모집인원,학과정원,20%,범위,다중전공,입학,학과,통합학부,전공학부,전공이외,전공,이수,한양대,의과대학,제외,대학,동일캠퍼스내,다중전공제,신청기간,학기,학생자율설계전공,입학,학과,학부,전공,제1전공,이외,학생,교육과정,구성,총장,승인,전공,이수,제도,신청,학기,6학기,이수,학생,제외,신청자,3~4개,전공중,학점,전공,최소,전공,인정,15학점,이상씩,학점,계획,총장,승인,제1전공,졸업학점,이수,승인,학생,자율,설계,전공,교과과정,전공,학점,전공필수,포함,이수,중도,포기,시험전,학기,포기원,교무,연구처,학사과,제출,중도포기자,이수,일반,선택,학점,인정,제1전공,학생,자율,설계,전공,졸업요건,충족,전공,명칭,병행,표기,학위,한양대,6월,입학안내,시간,ARS,서비스,수험생,제공,ARS서비스,지시,사용자,한양대,ARS서비스,서비스,수록,업무담당자,연결,장점,근무시간,공휴일,사용자,녹취,사항,다음날,모니터,사용자,통화,자료,발송,한양대,입학,인터넷,홈페이지,www.admission.hanyang.ac.kr,수신자,부담,입학,상담,전화,수험정보,제공,사진,21세기,능력,미래,인재,양성,주력,전경,한양대,안산캠퍼스본관,安山,ㆍoyh,kyeongin.com,金耀燮,기자ㆍkimyrim,kyeongin.com","한양대,이수,사용자,학교장,학생중심,학사과,다중전공,21세기,생활등급이하,다음날,우수자,시험전,다문화,안산캠퍼스본관,교육기관,유공자,효행자,ars서비스,동일캠퍼스내,6학기,의과대학,전과제도,제1전공"
1999-12-29,국민일보,"가정사역 올해 흔적과 미래-새천년의 중심,가정'회복운동'열기",문화-종교,"가정사역,흔적,미래,중심,가정,회복운동,열기,해체,이혼,가족,가정,위기,99년,위기,가정사역,역할,중요,가정,행사,현상들,정리,시대,밀레니엄,가정사역,준비,가정,헌장,선포식,한국가정사역학회,붕괴,가정,밀레니엄,가정,회복,운동,4월,기독교가정사역연구소,사랑의집,가정문화연구원,CCC,가정선교원,두란노,가정상담연구원,인천가정문화원,가정사역,전문,기관,공동,참여,의미,청소년,범죄,급증,생명경시풍조,배금주의,실업자,이혼율,증가,사회,해결,하나님,사회,기초단위,교육,생활,터전,가정,회복,취지,제정,가정헌장,가정,중요성,가정,존재의의,가정,가정구성원들,의무,가정사역,세계적,석학,석학,볼스윅,내한,아내,주디,볼스윅,공동집필,가정,저서,크리스천,한국교회,볼스윅,풀러신학대학,한국,방문,세계,사회,가정,한국,가정,최악,동시,최선,가정,위기,세계,공통,시사,가정,회복,목회자,지역교회,가정사역,그리스도,지체,이웃들,사랑,공동체주의,확장,강조,볼스윅,초청,세미나,한국교회,가정사역,학문,정립,기회,제공,정선교교육원,양은순,원장,박사학위,가정선교교육원,양은순원장,50세,나이,미국,바이,신학,대학교,신학,대학원,박사학위,주제,관점,경험주,학습법,가정,사역,지도자,훈련,양원장,11월,가정사역자,활동,25년,정리,한편,성경,가정사역,확립,단계,심화,가정사역,아버지학교,관심,선풍,인기,IMF,가정,위기,아버지,위기,아버지,자리,회복,가정,평화,시도들,진행,아버지,성장,성과,아버지학교,참석,아버지들,주님,아버지,고백,성경,아버지,남편,역할,가정,교회,사회,변화,평화,부흥,변화,아버지들,사역,사역,시대,남성,중요성,계기,가족,재결합,구세군,실종,해외,입양,혈육,이별,가슴,사람들,구세군대한본영,3년,본격적,실종,사업,추진,사업,5건,만남,성사,10여건,사업,진행중,전쟁,경제,어려움,가족,생이별,가족,과거,한국,특수,상황,IMF,미혼모,증가,해외,입양,추세,구세군,대한본영,가족,재결합,그리스도,사랑,실천,취지,이별,아픔,최선,자녀교육,부모,변화,교육,교회,학원,크리스천,부모,성경,교육,필요성,강요,부모,자녀,참여,교육,실력자,성경,실천,교육,강의,가족캠프,자녀,마음,캠프,참여,부모들,자신들,변화,교육,주관,이홍남목사,대전찬양교회,자녀들,지혜,근본,하나님,부모들,성경적,실천,캠프,목적,교육,크리스천,교육,바람,시대,대안,가정,아동그룹홈,아버지,편안,어머니,토끼,자녀들,가정,행복,가정,모습,가정,자녀들,거리,방황,부모,아동,양육,보호,능력,아동,대리,보호,부스러기선교회,60여곳,그룹홈,대안가정,부상,가정적,분위기,아동,그룹홈,가정,회복,주장,가정사역,회복,가정,자녀들,대안,가정,필요성,이준희,가정,천국문화,산실,가정,대로,가정,교회,사회,문명사학자,문명,최종,평가,문명,아버지,어머니,가정들,시대,중요,가정,교회,나라,가정,차별,공격,예상,가족개념,난무,혼란,정도,가치관,절망,세기,가정,사역,활동,요구,이동원목사,가정사역,80년대,여명기,전문사역자들,개척기,시대,출발점,90년대,10년,단순,가정생활,세미나,전문적,사역,범위,구체화,전문화,헌신,가정사역자,일선,목회자,가정사역,프로그램,교회,가정사역,1세대,구분,평신도들,주체,가정,가정사역,스타,가정사역자,목회자,의존,훈련,평신도들,봉사,에베소서,4:12,가정사역,자원,주제,접근,방식,변화,터부시,재혼,게이,레즈비언,고령화,사회,노인문제,장애우가정,다문화,가족,진행,행동,치료,방식,의존,치료적,접근,차원,훈련,방식,1대,패밀리,멘토링,방향,전환,교회,중심,가정,중심,가정사역,가정,활동,중심무대,사회,교회,교량역할,천국문화,산실,자리,가정,초대교회,자신,가정사역,요람,자신,가정사역자,비전,헌신,하나님,일군들,가정사역,사탄,공격,천국,세기,마지막,희망,송길원목사,기독교가정사역연구소장","가정사역,볼스윅,가정사역자,한국,하나님,목회자,성경적,이혼율,연구원,구세군,그리스도,가정헌장,선포식,자녀들,시간date,필요성,부모들,박사학위,정선교교육원,양은순원장,양은순,평신도들"
