구분,합계,한국인배우자,결혼이민자,귀화자,귀화 및 외국국적(자녀),국내출생(자녀),내국인(기타동거인),외국인(기타동거인)
 인천광역시 ,85029,11795,13301,18420,2018,18398,17029,4068
 중구 ,5321,842,961,1002,114,1128,1009,265
 연안동 ,198,31,30,43,7,28,46,13
 신포동 ,261,24,41,74,5,41,52,24
 신흥동 ,646,85,112,142,29,131,105,42
 도원동 ,115,18,16,27,,21,22,11
 율목동 ,143,21,20,27,,24,31,19
 동인천동 ,165,19,23,42,,34,31,13
 용유동 ,53,9,9,7,,11,14,
 운서동 ,898,159,187,146,15,182,184,25
 영종동 ,634,118,118,96,11,134,141,16
 영종1동 ,1803,302,341,280,35,473,316,56
 개항동 ,405,56,64,118,7,49,67,44
 동구 ,1750,238,228,338,45,394,430,77
 만석동 ,219,31,26,37,8,55,52,10
 화수1.화평동 ,169,22,23,34,,34,45,7
 화수2동 ,120,18,14,30,,21,29,5
 송현1.2동 ,247,41,40,52,7,52,41,14
 송현3동 ,94,12,11,18,,18,28,5
 송림1동 ,219,30,30,36,8,48,60,7
 송림2동 ,29,5,,,,7,9,
 송림3.5동 ,191,18,18,41,7,37,61,9
 송림4동 ,207,32,27,48,,59,31,7
 송림6동 ,191,23,29,30,,44,51,11
 금창동 ,64,6,6,8,,19,23,
 연수구 ,8133,1243,1446,1218,162,2008,1769,287
 옥련1동 ,387,67,62,60,5,105,78,10
 선학동 ,538,72,106,125,12,94,95,34
 연수1동 ,570,80,123,90,11,100,123,43
 연수2동 ,588,77,119,113,14,124,105,36
 연수3동 ,367,57,50,75,9,83,76,17
 청학동 ,740,94,138,125,16,177,163,27
 동춘1동 ,370,64,49,67,9,95,71,15
 동춘2동 ,312,52,53,46,6,75,67,13
 동춘3동 ,168,22,15,21,,55,51,
 옥련2동 ,351,47,40,58,9,94,95,8
 송도1동 ,503,69,85,43,5,134,155,12
 송도3동 ,1020,169,205,109,22,262,234,19
 송도2동 ,672,93,109,69,7,191,188,15
 송도4동 ,482,70,78,58,13,137,118,8
 송도5동 ,1065,210,214,159,22,282,150,28
 남동구 ,13630,1955,2113,2813,309,3005,2822,613
 구월1동 ,765,117,107,155,12,177,167,30
 구월2동 ,560,89,81,95,14,152,114,15
 구월3동 ,1095,126,202,264,30,181,228,64
 구월4동 ,426,85,83,89,,77,75,13
 간석1동 ,427,58,69,107,15,82,70,26
 간석2동 ,542,62,80,121,13,115,124,27
 간석3동 ,1174,145,202,287,35,228,205,72
 간석4동 ,1154,139,187,316,41,210,182,79
 만수1동 ,421,76,69,82,,80,86,24
 만수2동 ,585,88,77,99,11,150,145,15
 만수3동 ,519,75,74,100,20,114,121,15
 만수4동 ,324,48,37,49,,91,89,7
 만수5동 ,323,49,58,60,,73,72,9
 만수6동 ,339,42,35,70,5,100,74,13
 남촌도림동 ,802,111,120,158,25,201,141,46
 논현1동 ,938,149,152,153,13,205,244,22
 논현2동 ,1116,160,171,227,22,242,233,61
 논현고잔동 ,925,141,155,152,15,217,212,33
 장수서창동 ,351,65,45,64,8,85,72,12
 서창2동 ,844,130,109,165,17,225,168,30
 부평구 ,18932,2077,2910,5730,647,3295,2950,1323
 부평1동 ,1773,167,304,598,77,254,232,141
 부평2동 ,1048,109,153,378,41,142,148,77
 부평3동 ,629,73,108,199,18,93,84,54
 부평4동 ,2729,243,402,1000,117,414,297,256
 부평5동 ,3160,235,488,1193,170,488,292,294
 부평6동 ,1032,82,148,409,44,169,103,77
 산곡1동 ,261,38,39,50,9,65,48,12
 산곡2동 ,427,65,45,66,,109,127,11
 산곡3동 ,352,53,49,61,,73,101,12
 산곡4동 ,237,31,32,33,5,54,74,8
 청천1동 ,399,53,65,103,6,87,66,19
 청천2동 ,1065,123,180,253,39,206,201,63
 갈산1동 ,520,75,76,111,8,115,113,22
 갈산2동 ,358,58,61,69,6,59,92,13
 삼산1동 ,719,124,101,157,8,154,143,32
 부개1동 ,540,77,78,141,10,90,122,22
 부개2동 ,615,56,84,156,14,126,143,36
 부개3동 ,492,84,66,94,10,121,98,19
 일신동 ,382,51,57,98,7,80,72,17
 십정1동 ,760,100,119,170,24,160,136,51
 십정2동 ,1110,136,211,325,25,157,173,83
 삼산2동 ,324,44,44,66,,79,85,
 계양구 ,6529,1024,897,1204,94,1563,1519,228
 효성1동 ,534,81,76,95,14,129,121,18
 효성2동 ,718,114,94,131,7,198,149,25
 계산1동 ,520,76,66,110,7,112,124,25
 계산2동 ,428,68,74,74,9,87,94,22
 계산3동 ,322,52,39,62,6,83,70,10
 작전1동 ,604,96,76,100,7,162,142,21
 작전2동 ,492,75,72,87,8,96,144,10
 작전서운동 ,645,103,94,125,9,160,131,23
 계양2동 ,864,146,123,172,14,189,191,29
 계산4동 ,285,40,46,42,5,63,79,10
 계양1동 ,411,61,54,74,5,98,108,11
 계양3동 ,706,112,83,132,,186,166,24
 서구 ,16786,2529,2652,3117,356,4026,3449,657
 검암경서동 ,1484,246,246,249,26,348,329,40
 연희동 ,1016,163,143,196,31,225,222,36
 가정1동 ,975,125,150,183,25,227,208,57
 가정2동 ,285,50,48,42,10,63,60,12
 가정3동 ,194,23,36,27,,45,55,6
 석남1동 ,894,108,130,229,23,207,156,41
 석남2동 ,540,60,95,125,10,117,99,34
 석남3동 ,454,68,66,93,5,94,114,14
 가좌1동 ,808,126,149,162,20,179,117,55
 가좌2동 ,317,52,38,53,,80,83,9
 가좌3동 ,521,72,79,117,10,103,111,29
 가좌4동 ,320,36,54,71,6,70,75,8
 신현원창동 ,896,135,106,183,13,251,168,40
 청라1동 ,469,74,88,65,14,121,97,10
 청라2동 ,999,158,162,150,17,290,199,23
 청라3동 ,682,106,126,81,10,187,156,16
 검단동 ,1154,172,183,254,25,258,211,51
 불로대곡동 ,597,89,74,106,8,159,135,26
 오류왕길동 ,943,148,150,168,19,222,188,48
 당하동 ,723,109,115,124,15,157,179,24
 마전동 ,593,95,80,118,17,142,121,20
 원당동 ,452,73,73,76,,108,97,21
 아라동 ,1470,241,261,245,44,373,269,37
 미추홀구 ,12211,1630,1891,2742,281,2523,2563,581
 숭의2동 ,663,97,112,153,20,141,113,27
 숭의4동 ,712,80,105,182,18,145,146,36
 용현2동 ,415,63,70,77,13,84,80,28
 용현3동 ,186,32,35,35,,36,37,7
 용현5동 ,1023,154,138,201,29,239,223,39
 학익1동 ,457,69,65,74,,113,116,18
 학익2동 ,310,50,44,59,5,56,81,15
 도화1동 ,900,105,157,220,36,162,169,51
 주안1동 ,1175,116,208,348,45,195,176,87
 주안2동 ,725,96,103,160,8,161,164,33
 주안3동 ,334,58,48,60,6,69,84,9
 주안4동 ,426,59,72,76,5,112,94,8
 주안5동 ,760,96,140,205,17,134,125,43
 주안6동 ,736,86,111,169,15,154,165,36
 주안7동 ,293,45,43,50,,53,87,14
 주안8동 ,528,78,58,121,10,129,113,19
 관교동 ,216,30,37,41,,44,54,7
 문학동 ,429,55,65,84,,98,108,15
 숭의1.3동 ,788,97,123,214,22,146,146,40
 용현1.4동 ,380,53,50,63,,79,116,16
 도화2.3동 ,755,111,107,150,15,173,166,33
 강화군 ,1438,207,168,206,6,395,427,29
 강화읍 ,545,82,70,87,5,143,142,16
 선원면 ,126,22,20,12,,33,36,
 불은면 ,96,13,7,16,,29,30,
 길상면 ,146,22,22,20,,39,41,
 화도면 ,52,5,5,7,,13,22,
 양도면 ,58,8,7,10,,16,17,
 내가면 ,56,11,,11,,19,9,
 하점면 ,71,9,9,9,,18,24,
 양사면 ,38,6,5,,,8,17,
 송해면 ,109,13,11,14,,32,38,
 교동면 ,78,7,,9,,28,29,
 삼산면 ,58,7,5,7,,16,22,
 서도면 ,5,,,,,,,
 옹진군 ,299,50,35,50,,61,91,8
 북도면 ,15,,,,,,5,
 연평면 ,18,,,,,,7,
 백령면 ,94,17,7,17,,18,30,
 대청면 ,12,,,,,,,
 덕적면 ,26,,,,,,12,
 자월면 ,8,,,,,,,
 영흥면 ,126,20,13,25,,31,30,
